title,houseType,state,position,tags,unitPrice,totalPrice
金茂湾,商业,在售,"['南沙 ', ' 南沙区府 ', ' 凤凰大道外国语学院南侧300米']",贴心物业 多轨交汇 近主干道 现房,25000  元/平(均价),
越秀东坡,住宅,在售,"['南沙 ', ' 进港大道 ', ' 进港大道原南沙街道办事处旁']",品牌房企 复式 公交直达 近主干道,25500  元/平(均价),总价263万/套
景业东湖洲豪园,住宅,在售,"['南沙 ', ' 南沙湾 ', ' 环市大道南横地铁站A口西侧350米处']",品牌房企 自持商业 多轨交汇 近主干道,27500  元/平(均价),总价247万/套
振业天颂花园,住宅,在售,"['荔湾 ', ' 广钢新城 ', ' 芳村大道南以西鹤洞路旁']",儿童乐园 近主干道 现房 绿化率高,45000  元/平(均价),总价486万/套
珠光山水诚品,住宅,在售,"['从化 ', ' 江浦街 ', ' 江埔街江村地段']",贴心物业 健身跑道 现房 绿化率高,11500  元/平(均价),总价150万/套
天健汇,商业,在售,"['天河 ', ' 车陂 ', ' 车陂北路（天坤三路与健明四路交汇处）']",自持商业 现房,45000  元/平(均价),
保利花海湾,住宅,在售,"['荔湾 ', ' 茶滘 ', ' 百花路111号']",品牌房企 贴心物业 绿化率高 购物方便,41000  元/平(均价),总价352万/套
保利半岛,住宅,在售,"['南沙 ', ' 黄阁 ', ' 滨水大道左侧（南沙儿童公园对面）']",品牌房企 复式 多轨交汇 近主干道,34000  元/平(均价),总价350万/套
时代幸汇,住宅,在售,"['从化 ', ' 江浦街 ', ' 环市东路188号']",品牌房企 贴心物业 地铁沿线 多轨交汇,16500  元/平(均价),总价172万/套
绿地柏玥晶舍,住宅,在售,"['白云 ', ' 太和 ', ' 草塘路5号']",品牌房企 近主干道 大型社区,35000  元/平(均价),总价330万/套
南沙水恋,住宅,在售,"['南沙 ', ' 黄阁 ', ' 地铁黄阁汽车城站A口']",贴心物业 健身跑道 多轨交汇 近主干道,22000  元/平(均价),总价330万/套
南沙珠江湾,商业,在售,"['南沙 ', ' 南沙湾 ', ' 漾滨路和海滨路交汇处']",贴心物业 地铁沿线 公交直达 现房,28500  元/平(均价),
碧桂园云顶,住宅,在售,"['增城 ', ' 凤凰城 ', ' 广园快速路新塘出口凤凰城西侧约1公里处']",品牌房企 贴心物业 现房,28000  元/平(均价),总价315万/套
尚东君御雅苑,住宅,在售,"['天河 ', ' 珠江新城中 ', ' 珠江新城兴盛路6号']",现房 成熟商圈 江景,130000  元/平(均价),总价2250万/套
珠江帝景·紫龙府,住宅,在售,"['海珠 ', ' 滨江东 ', ' 广州塔东300米（艺洲路602号）']",现房 大型社区 江景,88000  元/平(均价),总价1654万/套
鹅潭湾,住宅,在售,"['荔湾 ', ' 滘口 ', ' 芳村大道西']",复式 休闲会所 近主干道 现房,50000  元/平(均价),总价874万/套
峻林,住宅,在售,"['天河 ', ' 林和 ', ' 林和东路258号']",入户花园 现房 车位充足,85000  元/平(均价),总价2610万/套
西关海,住宅,在售,"['荔湾 ', ' 南岸路 ', ' 南岸路23号（青年公园旁）']",健身跑道 休闲会所 近主干道 现房,68000  元/平(均价),总价1050万/套
万科山景城樾山,住宅,在售,"['黄埔 ', ' 科学城 ', ' 永顺大道以南瞰山大街2号。']",品牌房企 贴心物业 低密居所 大型社区,650  万/套(总价),总价650万/套
云星钱隆天誉,住宅,在售,"['从化 ', ' 太平镇 ', ' 高技术产业园丰盈路7号']",近主干道 现房 绿化率高 成熟商圈,16000  元/平(均价),总价152万/套
智杰雅筑,住宅,在售,"['从化 ', ' 河滨北路 ', ' 向阳路32号']",入户花园 现房 绿化率高,17000  元/平(均价),总价145万/套
尚轩103,住宅,在售,"['番禺 ', ' 大学城 ', ' 明志街8号']",现房 车位充足,62000  元/平(均价),总价1612万/套
新世界凯粤湾,住宅,在售,"['荔湾 ', ' 滘口 ', ' 芳村大道西236号']",小户型 近主干道 现房 大型社区,50000  元/平(均价),总价395万/套
爱群荟景湾,住宅,在售,"['越秀 ', ' 解放南 ', ' 沿江西路爱群荟景湾']",地铁沿线 近主干道 现房 车位充足,80000  元/平(均价),总价2380万/套
荔山雅筑,住宅,在售,"['从化 ', ' 神岗镇 ', ' 广从公路(105国道) 赤草地铁站旁400米']",品牌房企 开发区 近主干道,14000  元/平(均价),总价156万/套
南华时代城,住宅,在售,"['花都 ', ' 铁路西 ', ' 新华街工业大道18号']",地铁沿线 公交直达 现房 低密居所,22500  元/平(均价),总价247万/套
东方名都,住宅,在售,"['增城 ', ' 白江 ', ' 广园东新新站出口西行东江大道即达（即碧桂园凤凰城对面）']",小户型 复式 近主干道,27000  元/平(均价),总价160万/套
悦江上品苑,住宅,在售,"['荔湾 ', ' 大坦沙 ', ' 桥中中路143号']",小户型 健身跑道 多轨交汇 现房,47000  元/平(均价),总价376万/套
中海花湾壹号,住宅,在售,"['荔湾 ', ' 广钢新城 ', ' 地铁鹤洞站C出口', '西朗站A出口']",小户型 地铁沿线 多轨交汇 现房,50000  元/平(均价),总价375万/套
珠光御景山水城,住宅,在售,"['从化 ', ' 江浦街 ', ' 105国道九里步果场段珠光御景山水城']",贴心物业 入户花园 绿化率高 大型社区,14000  元/平(均价),总价161万/套
融穗华府,住宅,在售,"['荔湾 ', ' 广钢新城 ', ' 银沙路与开拓二横路交界处']",小户型 贴心物业 近主干道,52000  元/平(均价),总价388万/套
公园里（春晓花园）,住宅,在售,"['增城 ', ' 荔城增江 ', ' 广汕公路与增江大道南交汇处（天恩小学对面）']",入户花园 现房 车位充足 山景,17500  元/平(均价),总价225万/套
恒展江山时代花园,住宅,在售,"['增城 ', ' 朱村 ', ' 朱村大道西88号']",免费专车 小户型 入户花园 近主干道,21000  元/平(均价),总价160万/套
绿湖国际城,住宅,在售,"['增城 ', ' 石滩镇 ', ' 石滩镇新城大道石滩中学北侧400米']",低单价 品牌房企 水系园林 临近高速,13600  元/平(均价),总价120万/套
珑翠,住宅,在售,"['番禺 ', ' 长隆 ', ' 105国道和市广路交界处（松下万宝电熨斗公司对面）']",贴心物业 近主干道 现房 低密居所,40000  元/平(均价),总价800万/套
星尚花园,住宅,在售,"['番禺 ', ' 市桥东 ', ' 龙街丰尚路68号（石碁三中对面）']",贴心物业 复式 临近高速 现房,25500  元/平(均价),总价310万/套
顺欣花园,住宅,在售,"['增城 ', ' 新塘北 ', ' 荔新十二路98号']",儿童乐园 地铁沿线 公交直达 现房,23000  元/平(均价),总价184万/套
中森茗苑,住宅,在售,"['增城 ', ' 新塘北 ', ' 新塘石新路168号']",入户花园 儿童乐园 现房 人车分流,21000  元/平(均价),总价180万/套
广晟圣淘沙,住宅,在售,"['南沙 ', ' 进港大道 ', ' 进港大道金沙路今洲广场北侧400米']",公交直达 近主干道 现房 小型社区,23500  元/平(均价),总价200万/套
宝兴翠园,住宅,在售,"['天河 ', ' 东圃 ', ' 中山大道中1118、1120、1122号']",入户花园 地铁沿线 公交直达 现房,50000  元/平(均价),总价461万/套
新鸿基御华园,住宅,在售,"['花都 ', ' 狮岭镇 ', ' 狮岭大道东1号']",小户型 水系园林 公交直达 现房,17000  元/平(均价),总价79万/套
合景花漫里,住宅,在售,"['增城 ', ' 永和 ', ' 新塘镇新新大道中段']",品牌房企 小户型 公交直达 现房,16000  元/平(均价),总价150万/套
富基广场,住宅,在售,"['海珠 ', ' 滨江中 ', ' 江南大道北市二宫地铁A出口']",自持商业 现房 车位充足,49800  元/平(均价),总价480万/套
雍晟岭南雅苑,住宅,未开盘,"['从化 ', ' 江浦街 ', ' 江埔街大江路13号']",入户花园 地铁沿线 开发区 现房,20000  元/平(均价),总价177万/套
中央郡,住宅,在售,"['南沙 ', ' 进港大道 ', ' 进港大道与珠电路交汇处']",多轨交汇 近主干道 现房 小型社区,22000  元/平(均价),总价210万/套
西福蓝湾,住宅,在售,"['增城 ', ' 朱村 ', ' 广汕公路136号']",小户型 入户花园 地铁沿线 近主干道,18000  元/平(均价),总价160万/套
卓粤卓雅名苑,住宅,在售,"['花都 ', ' 旧区 ', ' 建设北路223号']",现房 低密居所 成熟商圈 购物方便,16500  元/平(均价),总价200万/套
天誉半岛花园,住宅,在售,"['海珠 ', ' 洪德 ', ' 同福西路16号（滨江西路三江交汇处，洲头咀公园旁）']",地铁沿线 公交直达 现房 车位充足,100000  元/平(均价),总价4400万/套
鸿益华府,住宅,在售,"['海珠 ', ' 金碧 ', ' 新业路51-61号']",地铁沿线 公交直达 现房 小型社区,60000  元/平(均价),总价600万/套
人盛巴厘天地,住宅,在售,"['从化 ', ' 神岗镇 ', ' 广从北路263号']",现房 绿化率高 购物方便 美食云集,14000  元/平(均价),总价156万/套
宏润天睿,住宅,在售,"['从化 ', ' 鳌头镇 ', ' 城鳌大道东854号']",小户型 儿童乐园 近主干道 现房,11000  元/平(均价),总价95万/套
万科幸福誉,住宅,在售,"['黄埔 ', ' 知识城 ', ' 中新知识城•地铁何棠下站（麦当劳旁）']",品牌房企 小户型 现房,24000  元/平(均价),总价190万/套
南沙万地雅涛阁,住宅,未开盘,"['南沙 ', ' 万顷沙 ', ' 万顷沙镇新垦十三涌公交总站往东500米']",低单价 开发区 现房 绿化率高,13000  元/平(均价),
科城山庄峻森园,住宅,在售,"['黄埔 ', ' 科学城 ', ' 峻祥路与峻福路交汇处']",地铁沿线 公交直达 现房 低密居所,41000  元/平(均价),总价530万/套
珠江壹城,住宅,在售,"['从化 ', ' 神岗镇 ', ' 从化105国道旁（东方夏湾拿对面约2.5公里）']",贴心物业 地铁沿线 近主干道 现房,17000  元/平(均价),总价150万/套
珠江东境花园,住宅,在售,"['天河 ', ' 车陂 ', ' 科韵北路渔民新村旁']",复式 入户花园 现房 低密居所,97000  元/平(均价),总价2309万/套
宏诚海峰花园,住宅,未开盘,"['从化 ', ' 江浦街 ', ' 江埔街环市东路453号']",小户型 公交直达 现房 人车分流,价格待定,总价112万/套
侨鑫汇悦台,住宅,在售,"['天河 ', ' 珠江新城东 ', ' 临江大道417-431号']",地铁沿线 公交直达 现房 车位充足,190000  元/平(均价),总价6614万/套
富雅都市华庭,住宅,在售,"['增城 ', ' 新塘北 ', ' 汇太东路233号']",低总价 地铁沿线 现房 低密居所,18000  元/平(均价),总价180万/套
珠光山水御苑,住宅,在售,"['从化 ', ' 江浦街 ', ' 温泉大道13号']",贴心物业 现房 绿化率高 购物方便,12500  元/平(均价),总价215万/套
大学小筑,住宅,在售,"['番禺 ', ' 大学城 ', ' 广工一路159号']",地铁沿线 公交直达 现房 车位充足,75000  元/平(均价),总价1350万/套
尚东阳光雅苑,住宅,在售,"['增城 ', ' 沙村 ', ' 新塘镇西宁西路618号']",入户花园 现房 大型社区 购物方便,23000  元/平(均价),总价200万/套
荔富湖畔,住宅,在售,"['增城 ', ' 朱村 ', ' 朱村街朱村大道东88号']",小户型 水系园林 地铁沿线 即将交房,19000  元/平(均价),总价177万/套
怡康华府,住宅,在售,"['增城 ', ' 荔城西区 ', ' 百花路7号']",入户花园 儿童乐园 现房 低密居所,25000  元/平(均价),总价270万/套
乐天峰公馆,住宅,在售,"['增城 ', ' 荔城中区 ', ' 荔城街幸福路25号']",现房 低密居所 美食云集,23000  元/平(均价),总价198万/套
名城御景绿洲,住宅,在售,"['从化 ', ' 江浦街 ', ' 河东南路388号']",地铁沿线 公交直达 现房,16000  元/平(均价),总价135万/套
兰亭盛荟,住宅,在售,"['天河 ', ' 东圃 ', ' 黄埔大道桃园西路明镜路1号']",小户型 贴心物业 公交直达 现房,51000  元/平(均价),总价391万/套
保利西悦湾,住宅,在售,"['荔湾 ', ' 坑口 ', ' 东漖南路（坑口地铁D出口990米）']",品牌房企 小户型 现房 绿化率高,44000  元/平(均价),总价363万/套
豪利花园,住宅,在售,"['花都 ', ' 镜湖大道 ', ' 镜湖大道北18号']",小户型 近主干道 现房 车位充足,21000  元/平(均价),总价110万/套
嘉汇城,住宅,在售,"['白云 ', ' 人和 ', ' 凯德二街3号']",低单价 近主干道 现房 小型社区,22000  元/平(均价),总价203万/套
臻尚苑,住宅,在售,"['番禺 ', ' 广州南站 ', ' 石洲中路100号。']",入户花园 中式建筑 近主干道 现房,42000  元/平(均价),总价419万/套
合汇·中央广场,住宅,在售,"['增城 ', ' 荔城中区 ', ' 荔景大道合汇·中央广场']",小户型 入户花园 近主干道 现房,30000  元/平(均价),总价257万/套
流花君庭,住宅,在售,"['荔湾 ', ' 流花站前 ', ' 流花路73号']",休闲会所 地铁沿线 公交直达 现房,68000  元/平(均价),总价1700万/套
大城云山,住宅,在售,"['从化 ', ' 太平镇 ', ' 广从南路1033号']",现房 绿化率高 娱乐丰富 运动健身,21000  元/平(均价),
星河山海湾,住宅,在售,"['南沙 ', ' 南沙港 ', ' 广州市南沙区南沙街学海大街21、23、25号']",贴心物业 健身跑道 现房,32000  元/平(均价),总价287万/套
北大资源博雅1898,住宅,在售,"['荔湾 ', ' 广钢新城 ', ' 鹤洞路北大资源博雅1898']",近主干道 现房 车位充足,46000  元/平(均价),总价547万/套
实地常春藤,住宅,在售,"['黄埔 ', ' 科学城 ', ' 禾丰路与永和大道交叉口西北侧']",品牌房企 小户型 近主干道,30000  元/平(均价),总价240万/套
珠江源昌花园,住宅,在售,"['南沙 ', ' 万顷沙 ', ' 珠江街新广三路1号']",健身跑道 儿童乐园 近主干道 现房,19500  元/平(均价),总价198万/套
创基丽江国际,住宅,在售,"['增城 ', ' 增城区府 ', ' 增城大道与新城大道交汇处（增城宾馆对面）']",现房 车位充足 购物方便 美食云集,38000  元/平(均价),总价705万/套
珠岛花园金湾明珠,住宅,在售,"['荔湾 ', ' 大坦沙 ', ' 大坦沙东海南路39号']",小户型 贴心物业 地铁沿线,46000  元/平(均价),总价320万/套
泊雅湾,住宅,在售,"['海珠 ', ' 滨江东 ', ' 艺苑路广州塔南广场旁边']",自持商业 现房 小型社区 购物方便,85000  元/平(均价),总价672万/套
江源半岛花园,住宅,在售,"['天河 ', ' 金融城 ', ' 黄埔大道车陂南路1、3、5、7号(4、5号线地铁交汇处南侧)']",小户型 多轨交汇 近主干道 现房,576  万/套(总价),总价576万/套
南沙湾石奥,住宅,未开盘,"['南沙 ', ' 南沙港 ', ' 港前大道南沙游艇会旁100米']",地铁沿线 公交直达 现房 低密居所,21000  元/平(均价),
惠百氏广场,住宅,在售,"['增城 ', ' 白江 ', ' 增城新塘大林边路6号（广州地铁13号线白江站D1口100米）']",小户型 近主干道 现房,24500  元/平(均价),总价195万/套
尚品雅居山语,住宅,在售,"['花都 ', ' 狮岭镇 ', ' 学府路15号']",入户花园 现房 绿化率高 银行,16000  元/平(均价),总价95万/套
仁安花园,住宅,未开盘,"['增城 ', ' 朱村 ', ' 朱村街广汕公路南边（朱宁路北侧）']",水系园林 地铁沿线 公交直达 现房,价格待定,总价107万/套
科城山庄锦泽园,住宅,在售,"['黄埔 ', ' 科学城 ', ' 萝岗水西路与峻福路交汇处']",近主干道 车位充足 大型社区 购物方便,39000  元/平(均价),总价488万/套
麓湖轩,住宅,在售,"['越秀 ', ' 小北 ', ' 麓湖路9号（广东电视台旁）']",地铁沿线 近主干道 现房 小型社区,60000  元/平(均价),总价596万/套
珠江金茂府,住宅,在售,"['荔湾 ', ' 广钢新城 ', ' 鹤洞路157号']",地铁沿线 近主干道 现房 车位充足,50000  元/平(均价),总价622万/套
珠光御景壹號,住宅,在售,"['荔湾 ', ' 黄沙 ', ' 黄沙大道15-17号']",免费专车 多轨交汇 近主干道 现房 车位充足,100000  元/平(均价),总价4800万/套
博雅首府,住宅,在售,"['天河 ', ' 珠江新城中 ', ' 冼村路2号(冼村路与临江大道交界)']",近主干道 现房 绿化率高 成熟商圈,120000  元/平(均价),总价4050万/套
汉中紫薇苑,住宅,在售,"['从化 ', ' 江浦街 ', ' 江埔街河东南路91号']",入户花园 中式建筑 地铁沿线 公交直达,16500  元/平(均价),总价180万/套
紫泉流溪湾,住宅,在售,"['从化 ', ' 太平镇 ', ' 105国道从化太平段紫泉流溪湾']",复式 现房 低密居所 购物方便,16000  元/平(均价),总价284万/套
莱茵水岸,住宅,在售,"['从化 ', ' 江浦街 ', ' 从城大道33号']",地铁沿线 公交直达 现房 低密居所,19000  元/平(均价),总价280万/套
东海嘉园,住宅,在售,"['越秀 ', ' 五羊新城 ', ' 东兴北路84、86号']",现房 车位充足 成熟商圈 配套齐全,85000  元/平(均价),总价1402万/套
南沙时代,住宅,在售,"['南沙 ', ' 进港大道 ', ' 进港大道377号']",品牌房企 水系园林 近主干道 现房,23000  元/平(均价),总价230万/套
鸣翠花园四期,住宅,在售,"['海珠 ', ' 工业大道南 ', ' 新溪路25号(工业大道南侧、石溪新大围地段)']",小户型 地铁沿线 近主干道 现房,48000  元/平(均价),总价360万/套
南沙保利城,住宅,在售,"['南沙 ', ' 黄阁 ', ' 市南大道与鸡谷山路交汇处']",品牌房企 小户型 多轨交汇 近主干道,21500  元/平(均价),总价165万/套
丽江花园如英居,住宅,在售,"['番禺 ', ' 南浦 ', ' 沿沙东路63号']",地铁沿线 多轨交汇 现房 低密居所,37000  元/平(均价),总价360万/套
中泰天境,住宅,在售,"['黄埔 ', ' 科学城 ', ' 九龙镇萝岗广汕公路与九龙大道交汇处']",地铁沿线 公交直达 现房 绿化率高,22000  元/平(均价),总价180万/套
嘉御豪庭,住宅,在售,"['增城 ', ' 石滩镇 ', ' 石滩大道南128号']",小户型 儿童乐园 公交直达 现房,15500  元/平(均价),总价113万/套
南沙珠江湾,住宅,在售,"['南沙 ', ' 南沙湾 ', ' 环市大道漾滨路和海滨路交汇处']",地铁沿线 公交直达 现房 低密居所,23000  元/平(均价),总价355万/套
远东御江豪庭,住宅,在售,"['荔湾 ', ' 茶滘 ', ' 百花路58号（花地河畔）']",休闲会所 现房 小型社区 购物方便,40000  元/平(均价),总价348万/套
景业荔都,住宅,在售,"['从化 ', ' 江浦街 ', ' 大广高速公路南，宣星人家北面约600米']",养老房 现房 绿化率高,12000  元/平(均价),总价128万/套
合景誉山国际,住宅,在售,"['增城 ', ' 永和 ', ' 广园东新新公路中段（增城中新镇）']",品牌房企 贴心物业 公交直达 现房,17000  元/平(均价),总价150万/套
颐和盛世,住宅,在售,"['花都 ', ' 炭步 ', ' 佛一环官抱路（86）颐和盛世']",入户花园 近主干道 开发区 现房,12000  元/平(均价),总价117万/套
腾飞园中新里,住宅,未开盘,"['黄埔 ', ' 知识城 ', ' 九龙大道地铁棠下站南向100米']",地铁沿线 公交直达 现房 低密居所,价格待定,
东湖洲花园2区,住宅,在售,"['番禺 ', ' 番禺客运站 ', ' 石基镇傍雁路883号']",现房 绿化率高,34000  元/平(均价),总价865万/套
时代天韵,住宅,在售,"['黄埔 ', ' 知识城 ', ' 中新广州知识城南起步区九龙大道中地铁14号支线何棠下站西南面400米']",品牌房企 地铁沿线 近主干道 现房,28000  元/平(均价),总价322万/套
嘉富广场东山一品,住宅,在售,"['越秀 ', ' 水荫 ', ' 水荫路69号']",儿童乐园 多轨交汇 现房 低密居所,90000  元/平(均价),总价1125万/套
纵横国际公寓,住宅,在售,"['海珠 ', ' 赤岗 ', ' 新港中路456号']",自持商业 近主干道 现房,46000  元/平(均价),
华发荔湾荟,住宅,在售,"['荔湾 ', ' 滘口 ', ' 芳村大道西兴东路（郭村小区以南）']",水系园林 地铁沿线 近主干道 现房,37000  元/平(均价),总价534.3万/套
广州星河丹堤,住宅,在售,"['南沙 ', ' 环市大道西 ', ' 丹堤北大街20号']",贴心物业 多轨交汇 近主干道,28500  元/平(均价),总价283万/套
昊龙花园北区,住宅,在售,"['番禺 ', ' 桥南 ', ' 桥南街中华大路893号']",现房 低密居所 购物方便 娱乐丰富,31000  元/平(均价),
天河星作,住宅,在售,"['天河 ', ' 岑村 ', ' 合景路99号']",入户花园 自持商业 公交直达 临近高速,49000  元/平(均价),总价430万/套
祈福缤纷汇,住宅,在售,"['番禺 ', ' 祈福新村 ', ' 钟村街祈福新邨']",小户型 现房 绿化率高 购物方便,40000  元/平(均价),总价185万/套
广州亚运城,住宅,在售,"['番禺 ', ' 亚运城 ', ' 石楼镇亚运南路']",贴心物业 近主干道 绿化率高,28000  元/平(均价),总价240万/套
祈福聚龙堡,住宅,在售,"['花都 ', ' 花山镇 ', ' 花山镇菊花石大道9号']",公交直达 近主干道 现房 成熟商圈,13000  元/平(均价),总价128万/套
峰湖御境,住宅,在售,"['黄埔 ', ' 科学城 ', ' 天麓南路联和村内(广汕公路与天麓南路交汇处)']",小户型 贴心物业 现房 低密居所,50000  元/平(均价),总价270万/套
大洋江畔雅苑,住宅,在售,"['越秀 ', ' 海珠广场 ', ' 北京路太平沙牌坊直入（近地铁北京路站A出口）']",小户型 地铁沿线 多轨交汇 现房,70000  元/平(均价),总价256万/套
广州融创文旅城,住宅,在售,"['花都 ', ' 花山镇 ', ' 平步大道东广州万达文化旅游城, 曙光路广州万达文化旅游城']",品牌房企 旅游地产 现房,26000  元/平(均价),总价229万/套
班芙小镇,住宅,在售,"['花都 ', ' 狮岭镇 ', ' 建设北路狮岭段西侧']",现房 低密居所,14500  元/平(均价),总价154万/套
星河湾半岛四期,住宅,在售,"['番禺 ', ' 厦滘 ', ' 沙溪大道星河湾半岛（华南快速干线沙溪出口）']",贴心物业 休闲会所 近主干道 现房,86000  元/平(均价),总价2500万/套
金融街花溪小镇,住宅,在售,"['花都 ', ' 花东镇 ', ' 花都大道东228号']",近主干道 现房 车位充足,14000  元/平(均价),总价143万/套
华海山屿海,住宅,在售,"['南沙 ', ' 南沙港 ', ' 黄山鲁森林公园优山美墅东200米']",健身跑道 儿童乐园 近主干道 现房,23000  元/平(均价),总价228万/套
尚东柏悦府,住宅,在售,"['天河 ', ' 珠江新城东 ', ' 珠江新城花城大道98号']",多轨交汇 近主干道 现房 车位充足,170000  元/平(均价),总价7310万/套
大夫山尚东,住宅,在售,"['番禺 ', ' 市桥 ', ' 禺山西路东桥大街68号']",贴心物业 近主干道 现房 绿化率高,29000  元/平(均价),总价246万/套
东方文德森岛湖,住宅,在售,"['花都 ', ' 狮岭镇 ', ' 狮岭大道东63号']",现房 绿化率高 购物方便 娱乐丰富,18500  元/平(均价),总价160万/套
保利葛洲坝海德公馆,住宅,未开盘,"['荔湾 ', ' 广钢新城 ', ' 鹤洞路以南（广钢工人体育馆旁）']",品牌房企 贴心物业 近主干道 现房,50000  元/平(均价),总价935万/套
自由人花园,住宅,在售,"['花都 ', ' 镜湖大道 ', ' 镜湖大道与广花路交界处']",健身跑道 现房 低密居所,25000  元/平(均价),总价270万/套
金时花园,住宅,在售,"['增城 ', ' 荔城增江 ', ' 增江街纬六路5号']",小户型 近主干道 现房 低密居所,16000  元/平(均价),总价128万/套
恒大山水郡,住宅,在售,"['增城 ', ' 中新镇 ', ' 广河高速中新出口右转约500米（S118省道旁）']",品牌房企 贴心物业 现房 大型社区,17000  元/平(均价),总价176万/套
金地香山湖,住宅,在售,"['增城 ', ' 永和 ', ' 永和新新大道15号']",品牌房企 贴心物业 现房 低密居所,15000  元/平(均价),总价170万/套
保利紫云,住宅,在售,"['白云 ', ' 新市 ', ' 西苑路103号']",品牌房企 复式 公交直达 现房,45000  元/平(均价),总价570万/套
实地蔷薇国际,住宅,在售,"['增城 ', ' 荔城西区 ', ' 广汕公路三联村蕉冚地段（逸翠庄园旁边）']",品牌房企 科技住宅 现房,17500  元/平(均价),总价207万/套
石滩第一城,住宅,在售,"['增城 ', ' 石滩镇 ', ' 立新东路57号']",低单价 现房 低密居所,13500  元/平(均价),总价127万/套
绿地越秀海玥,住宅,在售,"['海珠 ', ' 工业大道中 ', ' 南边路42号']",品牌房企 地铁沿线 公交直达 现房,53000  元/平(均价),总价477万/套
雅宝新城,住宅,在售,"['花都 ', ' 狮岭镇 ', ' 新华街平步大道中131号']",现房 低密居所 成熟商圈 购物方便,16500  元/平(均价),
保利中航城,住宅,在售,"['增城 ', ' 朱村 ', ' 中新镇花畔街']",品牌房企 复式 地铁沿线 近主干道,23000  元/平(均价),总价250万/套
山璟轩,住宅,在售,"['增城 ', ' 新塘南 ', ' 新塘镇广深大道东107号（新塘牛仔城对面）']",小户型 地铁沿线 现房,22500  元/平(均价),总价143万/套
凯德山海连城,住宅,未开盘,"['番禺 ', ' 莲花山 ', ' 金山大道东龙丰路段']",小户型 贴心物业 公交直达,22000  元/平(均价),总价180万/套
时代康桥,住宅,在售,"['花都 ', ' 狮岭镇 ', ' 狮岭镇金狮大道20号']",品牌房企 贴心物业 现房,13000  元/平(均价),总价220万/套
佳兆业壹号,住宅,未开盘,"['天河 ', ' 棠下 ', ' 黄埔大道中505号']",品牌房企 贴心物业 地铁沿线 车位充足,68000  元/平(均价),
汇港威华国际,住宅,在售,"['增城 ', ' 朱村 ', ' 朱村大道东178号']",现房 大型社区,20000  元/平(均价),总价200万/套
力诚欣悦湾,住宅,在售,"['荔湾 ', ' 茶滘 ', ' 芳村茶滘路22号']",小户型 现房 绿化率高 成熟商圈,40000  元/平(均价),总价261万/套
路福联合广场,写字楼,在售,"['番禺 ', ' 广州南站 ', ' 汉溪大道与石兴大道交汇处']",贴心物业 现房 人车分流 成熟商圈,30000  元/平(均价),
锦绣一方,住宅,在售,"['番禺 ', ' 莲花山 ', ' 建设路联围小学斜对面']",低单价 入户花园 公交直达 近主干道,19500  元/平(均价),总价202万/套
森悦华庭,住宅,在售,"['花都 ', ' 旧区 ', ' 新华街环湖路10号']",水系园林 入户花园 开发区 现房,30000  元/平(均价),总价311万/套
源海仙村一号,住宅,在售,"['增城 ', ' 石滩镇 ', ' 荔新大道与仙村大道交汇处']",入户花园 儿童乐园 近主干道 临近高速,15500  元/平(均价),总价138万/套
元邦山清水秀,住宅,在售,"['花都 ', ' 狮岭镇 ', ' 山前大道1242号']",临近高速 现房 低密居所 购物方便,13500  元/平(均价),总价185万/套
三江盛汇,住宅,在售,"['增城 ', ' 石滩镇 ', ' 石滩镇沙庄光明西路100号']",低单价 现房 低密居所 亲子乐园,12000  元/平(均价),总价135万/套
路劲天隽峰,住宅,在售,"['花都 ', ' 旧区 ', ' 茶园路与宝华路交汇处']",贴心物业 现房 绿化率高,27000  元/平(均价),总价340万/套
天马河公馆,住宅,未开盘,"['花都 ', ' 铁路西 ', ' 新街大道望亭路15号']",公交直达 开发区 现房 绿化率高,价格待定,
嘉兰轩,住宅,在售,"['越秀 ', ' 人民路 ', ' 大新路386号, 大新路388号, 大新路390号']",现房 小型社区 成熟商圈 三甲医院,53000  元/平(均价),总价461万/套
文德先生,住宅,在售,"['越秀 ', ' 越秀南 ', ' 文德南路82号（文德南路与珠光路交界处）']",小户型 现房 小型社区 购物方便,80000  元/平(均价),总价231万/套
中铁诺德中心,写字楼,在售,"['番禺 ', ' 万博 ', ' 兴南大道与万博四路交汇处南行100米（番禺万达广场旁）']",贴心物业 现房 车位充足,38000  元/平(均价),
时代柏林,住宅,未开盘,"['番禺 ', ' 桥南 ', ' 福贤路（南区公园南侧）']",品牌房企 公交直达 现房 车位充足,38000  元/平(均价),总价610万/套
奥园香雪华府,住宅,在售,"['黄埔 ', ' 香雪 ', ' 开萝大道与香雪大道交汇处']",品牌房企 近主干道 现房 小型社区,40000  元/平(均价),总价385万/套
金融街融御,住宅,在售,"['海珠 ', ' 工业大道南 ', ' 石岗路12号']",品牌房企 入户花园 地铁沿线 现房,60000  元/平(均价),总价663万/套
欣荣宏御泉湾,住宅,在售,"['从化 ', ' 温泉镇 ', ' 御泉湾(冲口路西100米)']",旅游地产 现房 低密居所,12000  元/平(均价),总价139万/套
合和新城,住宅,在售,"['花都 ', ' 镜湖大道 ', ' 迎宾大道3号']",小户型 近主干道 现房 大型社区,23000  元/平(均价),总价135万/套
越秀滨海新城,住宅,在售,"['南沙 ', ' 进港大道 ', ' 金沙路与环市大道北路交汇处']",品牌房企 复式 公交直达 近主干道,23000  元/平(均价),总价185万/套
南沙湾御苑,住宅,在售,"['南沙 ', ' 南沙港 ', ' 进港大道和港前大道交汇处']",贴心物业 健身跑道 近主干道 现房,29000  元/平(均价),总价310万/套
碧桂园云麓半山,住宅,未开盘,"['南沙 ', ' 环市大道西 ', ' 黄山鲁森林公园西门']",品牌房企 现房 低密居所 购物方便,25000  元/平(均价),总价350万/套
新世界云逸,住宅,在售,"['白云 ', ' 嘉禾望岗 ', ' 白云新城CBD嘉禾望岗地铁A出口300米']",多轨交汇 现房 低密居所 成熟商圈,57500  元/平(均价),总价950万/套
富力天海湾,商业,在售,"['南沙 ', ' 环市大道西 ', ' 工业一路塘坑A出口900米处']",品牌房企 贴心物业 多轨交汇 近主干道,23500  元/平(均价),
云溪四季,住宅,在售,"['增城 ', ' 朱村 ', ' 朱村街道朱石路以东']",品牌房企 小户型 现房 低密居所,14500  元/平(均价),总价116万/套
港航华庭,底商,在售,"['南沙 ', ' 南沙港 ', ' 进港大道582号']",多轨交汇 公交直达 现房 车位充足,48000  元/平(均价),
佳兆业天墅,住宅,在售,"['白云 ', ' 同和 ', ' 同宝路8号']",免费专车 品牌房企 复式 多轨交汇 公交直达,70000  元/平(均价),总价1700万/套
中交蓝色海湾,住宅,在售,"['南沙 ', ' 南沙港 ', ' 港前大道南沙客运港对面']",车位充足 大型社区 运动健身 银行,33000  元/平(均价),总价330万/套
招鑫富荔广场,底商,未开盘,"['黄埔 ', ' 开发西区 ', ' 青年路168号']",开发区 现房,价格待定,
万科春风十里,住宅,在售,"['增城 ', ' 朱村 ', ' 朱村大道东72号']",品牌房企 复式 近主干道,20100  元/平(均价),总价220万/套
大宏锦绣,住宅,在售,"['南沙 ', ' 南沙湾 ', ' 环市大道南南沙小学对面300米处']",自持商业 多轨交汇 近主干道 现房,25000  元/平(均价),总价226万/套
葛洲坝广州紫郡府,住宅,在售,"['荔湾 ', ' 西朗 ', ' 广钢新城求实一横路']",地铁沿线 现房 车位充足 购物方便,48000  元/平(均价),总价520万/套
绿地珑玥府,住宅,在售,"['增城 ', ' 荔城增江 ', ' 大道南（纬四路口）']",品牌房企 车位充足 大型社区 购物方便,23500  元/平(均价),总价225万/套
招商雍景湾,住宅,在售,"['黄埔 ', ' 知识城 ', ' 竹山路355号']",品牌房企 复式 公交直达 现房,23000  元/平(均价),总价210万/套
保利鱼珠港,写字楼,在售,"['黄埔 ', ' 鱼珠 ', ' 黄埔大道东840号']",品牌房企 多轨交汇 现房 购物方便,38000  元/平(均价),
增城一品山湖,住宅,在售,"['增城 ', ' 荔城增江 ', ' 增江街初溪村（广东工业大学华立学院旁和新建的北汽汽车城对面）']",低单价 入户花园 公交直达 现房,13500  元/平(均价),总价135万/套
保利和光晨樾,住宅,在售,"['荔湾 ', ' 广钢新城 ', ' 广钢新城南区中央公园首排']",品牌房企 复式 近主干道 车位充足,50000  元/平(均价),总价572万/套
中国铁建环球中心,写字楼,在售,"['南沙 ', ' 南沙区府 ', ' 进港大道与丰泽西路交汇处']",地铁沿线 多轨交汇 现房 人车分流,24000  元/平(均价),
中交汇通中心,底商,在售,"['南沙 ', ' 大岗镇 ', ' 江灵北路和纵三路交汇处']",公交直达 现房 运动健身 景区,35000  元/平(均价),
华发中央公园,住宅,在售,"['荔湾 ', ' 广钢新城 ', ' 芳村鹤洞路以南, 芳村大道南以西']",地铁沿线 近主干道 现房 车位充足,58000  元/平(均价),总价969万/套
敏捷科创中心,写字楼,在售,"['白云 ', ' 太和 ', ' 北太路敏捷科创中心']",近主干道 现房 购物方便 美食云集,25000  元/平(均价),
合生湖山国际,住宅,在售,"['增城 ', ' 凤凰城 ', ' 新塘镇源章大道（碧桂园凤凰城旁）']",儿童乐园 临近高速 低密居所 绿化率高,19200  元/平(均价),总价244万/套
佰家益幸福园,住宅,在售,"['从化 ', ' 鳌头镇 ', ' 高平村G106国道地段']",低单价 公交直达 开发区 现房,7400  元/平(均价),
润生花园,住宅,在售,"['南沙 ', ' 大岗镇 ', ' 大岗镇顺好街1-6号']",现房 低密居所,17000  元/平(均价),总价150万/套
翰林尚品,住宅,在售,"['越秀 ', ' 环市东 ', ' 东风东路737号（东风东路小学对面）']",小户型 地铁沿线 公交直达 现房,82000  元/平(均价),总价315万/套
保利桃花源,住宅,未开盘,"['从化 ', ' 江浦街 ', ' 中山大学南方学院南门']",品牌房企 小户型 现房 低密居所,13000  元/平(均价),总价50万/套
合景誉山国际,商业,在售,"['增城 ', ' 永和 ', ' 广园东新新公路中段']",品牌房企 贴心物业 公交直达 现房,18000  元/平(均价),
合景誉山国际,写字楼,在售,"['增城 ', ' 永和 ', ' 城广园东新新公路中段']",品牌房企 贴心物业 公交直达 现房,10000  元/平(均价),
中海联睿品,住宅,在售,"['增城 ', ' 新塘北 ', ' 民营东路与民营大道东交叉口东南50米']",小户型 复式 近主干道,22000  元/平(均价),总价178万/套
龙湖双珑原著,住宅,在售,"['黄埔 ', ' 知识城 ', ' 中新知识城九龙大道中凤湖二路与凤湖中路交汇处']",品牌房企 贴心物业 地铁沿线 绿化率高,23500  元/平(均价),总价225万/套
天河星作,商业,在售,"['天河 ', ' 岑村 ', ' 合景路99号']",自持商业 公交直达 临近高速 现房,382  万/套(总价),
力迅观麓公馆,住宅,在售,"['白云 ', ' 三元里 ', ' 政通路18号']",一梯一户 多轨交汇 现房 小型社区,77500  元/平(均价),总价1200万/套
都湖国际,住宅,在售,"['花都 ', ' 新区 ', ' 新华路96号']",地铁沿线 公交直达 现房,33000  元/平(均价),总价249万/套
丽和华庭,住宅,在售,"['荔湾 ', ' 茶滘 ', ' 东漖北路88号']",地铁沿线 公交直达 现房 小型社区,39000  元/平(均价),总价384万/套
融信天樾府,住宅,在售,"['增城 ', ' 荔城西区 ', ' 荔城街荔城大道229号']",入户花园 车位充足 小型社区,25000  元/平(均价),总价315万/套
亚太新城亚太银座一期,商业,未开盘,"['增城 ', ' 新塘北 ', ' 广群路5号']",公交直达 近主干道 现房 成熟商圈,价格待定,
翡翠绿洲泊郡,住宅,在售,"['增城 ', ' 凤凰城 ', ' 陈家林路159号']",贴心物业 临近高速 现房 绿化率高,21000  元/平(均价),总价350万/套
恒展江山时代花园,商业,在售,"['增城 ', ' 朱村 ', ' 广汕公路朱村段燕岗桥公交站往东800米']",免费专车 贴心物业 近主干道 现房,21000  元/平(均价),
广州融创文旅城,商业,在售,"['花都 ', ' 花山镇 ', ' 平步大道东广州万达文化旅游城, 曙光路广州万达文化旅游城']",品牌房企 现房 人车分流 银行,52500  元/平(均价),
金地仰云,住宅,在售,"['白云 ', ' 新市 ', ' 棠涌新塘一巷4号']",品牌房企 复式 绿化率高 小型社区,49500  元/平(均价),总价600万/套
金地壹阅府,住宅,在售,"['番禺 ', ' 万博 ', ' 兴南大道与万博二路交汇处']",品牌房企 贴心物业 地铁沿线 多轨交汇,65000  元/平(均价),总价845万/套
招商臻园,住宅,在售,"['增城 ', ' 新塘北 ', ' 广园快速荔新出口万达旁']",品牌房企 入户花园 公交直达 车位充足,26000  元/平(均价),总价378万/套
东江逸珑湾,住宅,在售,"['增城 ', ' 新塘南 ', ' 沿江大道39号（甘泉小学东侧）']",绿化率高 大型社区 购物方便 美食云集,20000  元/平(均价),总价178万/套
凯德双桥8号,住宅,在售,"['荔湾 ', ' 大坦沙 ', ' 裕福街35号（大坦沙岛珠江大桥东桥以北，东海南路西侧）']",近主干道 绿化率高 人车分流 成熟商圈,48000  元/平(均价),总价380万/套
保利碧桂园·公园大道,住宅,在售,"['荔湾 ', ' 广钢新城 ', ' 开拓路与钢铁大道交汇处（广钢公园南侧）']",品牌房企 贴心物业 地铁沿线 近主干道,50000  元/平(均价),总价495万/套
万科海上明月,住宅,在售,"['南沙 ', ' 黄阁 ', ' 明月二街5号']",品牌房企 复式 近主干道 小型社区,26000  元/平(均价),总价367万/套
万科未来森林,住宅,在售,"['白云 ', ' 马务 ', ' 黄石西路小坪立交引桥']",品牌房企 小户型 绿化率高 车位充足,55000  元/平(均价),总价430万/套
藏珑府,住宅,在售,"['番禺 ', ' 大石 ', ' 大石镇礼村105国道']",品牌房企 贴心物业 地铁沿线 近主干道,42000  元/平(均价),总价360万/套
海伦堡海伦时光,住宅,在售,"['黄埔 ', ' 大沙地 ', ' 中山大道东227号']",品牌房企 小户型 近主干道,43000  元/平(均价),总价305万/套
里城樾公馆,住宅,在售,"['花都 ', ' 旧区 ', ' 樾北街1号']",复式 近主干道 车位充足 绿化率高,26000  元/平(均价),总价242万/套
越秀臻悦府,住宅,在售,"['花都 ', ' 镜湖大道 ', ' 凤凰南路']",品牌房企 复式 车位充足 绿化率高,30000  元/平(均价),总价330万/套
珠江花城,住宅,在售,"['天河 ', ' 黄村 ', ' 东圃岐山183号']",小户型 入户花园 绿化率高 大型社区,47000  元/平(均价),总价358万/套
时代香海彼岸,住宅,在售,"['南沙 ', ' 南沙湾 ', ' 广州市南沙区漾滨路']",品牌房企 地铁沿线 多轨交汇 绿化率高,29000  元/平(均价),总价300万/套
南沙水岸广场,写字楼,未开盘,"['南沙 ', ' 黄阁 ', ' 进港大道与蕉西路及海滨路交汇处']",现房 购物方便 娱乐丰富 河景,23000  元/平(均价),
越秀天珹,住宅,在售,"['南沙 ', ' 金洲 ', ' 南沙街道金隆路1号']",品牌房企 复式 多轨交汇 近主干道,31000  元/平(均价),总价260万/套
花悦台,住宅,在售,"['花都 ', ' 狮岭镇 ', ' 狮岭金狮大道四街花悦台销售中心']",小户型 现房 小型社区,12000  元/平(均价),总价70万/套
品秀星图,住宅,在售,"['增城 ', ' 新塘北 ', ' 地铁13号线官湖车辆段（官湖站B出口）']",儿童乐园 近主干道 大型社区 人车分流,25000  元/平(均价),总价265万/套
科慧花园,住宅,在售,"['增城 ', ' 朱村 ', ' 朱村科慧3街']",贴心物业 儿童乐园 多轨交汇,20200  元/平(均价),总价187万/套
碧桂园中心,住宅,在售,"['增城 ', ' 增城区府 ', ' 增城大道69号']",品牌房企 贴心物业 近主干道,27000  元/平(均价),总价320万/套
天河金街,商业,未开盘,"['天河 ', ' 天润路 ', ' 天河北路曜一城广场负一楼']",现房 车位充足 成熟商圈,160000  元/平(均价),
宝夏花园,住宅,在售,"['黄埔 ', ' 夏园 ', ' 南湾大街31号']",近主干道 现房 小型社区,29000  元/平(均价),总价270万/套
创基天峰,住宅,在售,"['增城 ', ' 荔城西区 ', ' 荔城街增城大道地铁21号线钟岗站旁']",入户花园 近主干道 车位充足 小型社区,20000  元/平(均价),总价200万/套
美的云筑,住宅,在售,"['南沙 ', ' 鱼窝头 ', ' 鱼窝头体育文化广场对面']",品牌房企 休闲会所 近主干道 临近高速,20500  元/平(均价),总价200万/套
祈福万景峰,住宅,在售,"['花都 ', ' 铁路西 ', ' 新华新街大道3号']",小户型 贴心物业 地铁沿线 公交直达,23000  元/平(均价),总价129万/套
敏捷星悦国际,底商,在售,"['增城 ', ' 凤凰城 ', ' 新新大道麦当劳南侧']",公交直达 临近高速 车位充足 人车分流,12000  元/平(均价),
侨建御溪谷北区,住宅,在售,"['增城 ', ' 中新镇 ', ' 风光路399号']",近主干道 现房 低密居所 购物方便,25000  元/平(均价),总价656万/套
临港国际商务大厦,写字楼,在售,"['南沙 ', ' 万顷沙 ', ' 龙穴大道中123号']",公交直达 近主干道 现房 人车分流,23000  元/平(均价),
珠江铂世湾,住宅,在售,"['番禺 ', ' 雅居乐 ', ' 万博江山帝景高尔夫东侧']",入户花园 地铁沿线 即将交房 绿化率高,43000  元/平(均价),总价405万/套
汇金东翼,写字楼,在售,"['天河 ', ' 金融城 ', ' 黄埔大道中660号']",自持商业 地铁沿线 公交直达 现房,45000  元/平(均价),
汇金东翼,商业,在售,"['天河 ', ' 金融城 ', ' 黄埔大道中660号']",自持商业 地铁沿线 公交直达 车位充足,120000  元/平(均价),
合家和府,住宅,在售,"['从化 ', ' 旺城片区 ', ' 城郊街城新路136号']",开发区 绿化率高 小型社区,15800  元/平(均价),总价145万/套
海珠半岛花园三期,住宅,在售,"['海珠 ', ' 滨江东 ', ' 滨江东路1-13号']",成熟商圈 江景,120000  元/平(均价),总价2600万/套
保利东郡,住宅,在售,"['荔湾 ', ' 广钢新城 ', ' 开拓路与求实一横路交界处']",品牌房企 小户型 绿化率高 人车分流,52000  元/平(均价),总价364万/套
远达广场|碧水雅亭,住宅,在售,"['从化 ', ' 江浦街 ', ' 广州从化区从城大道99号']",小户型 多轨交汇 近主干道 绿化率高,23000  元/平(均价),总价176万/套
远洋天骄,商业,在售,"['天河 ', ' 天河客运站 ', ' 元岗路68号']",品牌房企 多轨交汇 公交直达 现房,22000  元/平(均价),
香江天赋,住宅,在售,"['增城 ', ' 凤凰城 ', ' 广园东开创大道北埔南路翡翠绿洲内部']",贴心物业 复式 车位充足,28000  元/平(均价),总价248万/套
广州钢铁博汇,商业,未开盘,"['黄埔 ', ' 开发西区 ', ' 广州经济技术开发区西基工业区西基路']",开发区,价格待定,
城投·首筑花园,住宅,未开盘,"['南沙 ', ' 万顷沙 ', ' 凤凰大道凤凰三桥下']",健身跑道 儿童乐园 近主干道 现房,23000  元/平(均价),总价284万/套
建发央玺,住宅,在售,"['白云 ', ' 石井 ', ' 石潭路568号']",品牌房企 复式 车位充足,48500  元/平(均价),总价445万/套
首创碧桂园悦山府,住宅,在售,"['增城 ', ' 荔城增江 ', ' 增江区狮尾路2号']",品牌房企 科技住宅 车位充足 绿化率高,20000  元/平(均价),总价180万/套
云山壹品,住宅,在售,"['白云 ', ' 白云大道南 ', ' 金信路125号']",贴心物业 多轨交汇 现房 绿化率高,65000  元/平(均价),总价715万/套
嘉骏幸福里,住宅,在售,"['从化 ', ' 旧城区 ', ' 城郊安园街43号']",养老房 绿化率高 小型社区 成熟商圈,16500  元/平(均价),总价149万/套
安合花园,住宅,在售,"['从化 ', ' 鳌头镇 ', ' 前进路鳌头镇政府旁']",低单价 养老房 近主干道 低密居所,9500  元/平(均价),总价90万/套
粤泰荔湾华府,住宅,未开盘,"['荔湾 ', ' 南岸路 ', ' 南岸路43号']",小户型 绿化率高 小型社区 成熟商圈,价格待定,总价207万/套
保利合锦领秀山,住宅,在售,"['增城 ', ' 荔城增江 ', ' 增江街陆村村鹅春岭']",品牌房企 贴心物业 近主干道 低密居所,17000  元/平(均价),总价170万/套
仟信广场,住宅,在售,"['从化 ', ' 河滨北路 ', ' 仟信街12号']",儿童乐园 开发区 车位充足 绿化率高,24000  元/平(均价),总价260万/套
金地壹阅府,商业,在售,"['番禺 ', ' 万博 ', ' 番禺区兴南大道与万博二路交汇处']",贴心物业 地铁沿线 多轨交汇 现房,75000  元/平(均价),
花都颐和山庄,住宅,在售,"['花都 ', ' 狮岭镇 ', ' 梯面镇106国道（王子山森林公园旁）']",大型社区,13000  元/平(均价),总价160万/套
远洋招商保利东湾,住宅,在售,"['增城 ', ' 朱村 ', ' 朱村大道西163号']",品牌房企 贴心物业 近主干道,26000  元/平(均价),总价230万/套
悦雅居,住宅,未开盘,"['荔湾 ', ' 滘口 ', ' 芳村大道西兴东路']",小户型 贴心物业 近主干道 现房,价格待定,
广州碧桂园·樾时光,住宅,在售,"['番禺 ', ' 南浦 ', ' 洛浦街浦华路606号']",品牌房企 低密居所 绿化率高 成熟商圈,37500  元/平(均价),总价370万/套
海景慧源山庄,住宅,在售,"['天河 ', ' 岑村 ', ' 岑村公路与科韵路交叉口东50米（火炉山南侧）']",小户型 贴心物业 近主干道,53000  元/平(均价),总价276万/套
中冶·逸璟台,住宅,在售,"['黄埔 ', ' 科学城 ', ' 永顺大道长岭路以北（长岭居小学西北侧300米）']",免费专车 品牌房企 复式 多轨交汇 近主干道,43500  元/平(均价),总价561万/套
康大龙祥汇,住宅,在售,"['黄埔 ', ' 知识城 ', ' 中新知识城旺村地铁站旁']",复式 地铁沿线 公交直达 现房,27000  元/平(均价),总价310万/套
保利花城纪,住宅,在售,"['从化 ', ' 江浦街 ', ' 江浦镇灌村路']",品牌房企 小户型 近主干道 绿化率高,17000  元/平(均价),总价115万/套
中国中铁·诺德名著,住宅,在售,"['增城 ', ' 荔城西区 ', ' 荔城街明慧路12号']",品牌房企 近主干道 车位充足,20500  元/平(均价),总价235万/套
纵横缤城,住宅,在售,"['白云 ', ' 新市 ', ' 佳园街37-45号（单）']",小户型 绿化率高 成熟商圈,43500  元/平(均价),总价307万/套
岭南V谷,写字楼,未开盘,"['荔湾 ', ' 菊树 ', ' 花地大道南657号']",贴心物业 休闲会所 近主干道 江景,23000  元/平(均价),
百花山庄,住宅,在售,"['增城 ', ' 荔城西区 ', ' 百花路88号']",低密居所 绿化率高 天然氧吧 湖景,25500  元/平(均价),总价219万/套
保利中海金地·大国璟,住宅,在售,"['增城 ', ' 荔城西区 ', ' 广汕公路逸翠庄园对面']",品牌房企 小户型 近主干道,20000  元/平(均价),总价160万/套
时代绿庭山语,住宅,在售,"['南沙 ', ' 大岗镇 ', ' 大岗镇雅筑山语二街']",品牌房企 小户型 绿化率高,22000  元/平(均价),总价130万/套
广地花园,住宅,在售,"['番禺 ', ' 星河湾 ', ' 广州番禺华快出口左侧']",小户型 贴心物业 临近高速 低密居所,39000  元/平(均价),总价320万/套
星悦轩,住宅,在售,"['白云 ', ' 马务 ', ' 黄石西顺兴路31-35号']",小户型 小型社区 成熟商圈,39000  元/平(均价),总价300万/套
侨雅苑(花都区),住宅,在售,"['花都 ', ' 花东镇 ', ' 花东镇侨雅苑']",中式建筑 近主干道 即将交房 绿化率高,12000  元/平(均价),总价142万/套
中海熙园,住宅,在售,"['南沙 ', ' 东涌 ', ' 东涌吉祥西路（文化广场旁）']",品牌房企 近主干道 绿化率高 人车分流,22500  元/平(均价),总价210万/套
保利国际金融中心,写字楼,在售,"['花都 ', ' 旧区 ', ' 三东大道以北、天贵路以西']",近主干道 车位充足 成熟商圈,22000  元/平(均价),
碧桂园朝花,商业,在售,"['荔湾 ', ' 鹤洞 ', ' 花地大道中（西塱地铁站D出口）']",品牌房企 贴心物业 成熟商圈,50000  元/平(均价),
华远雲和墅,住宅,在售,"['白云 ', ' 东平 ', ' 白云大道北大一大街23号']",品牌房企 复式 低密居所,102500  元/平(均价),总价1568.25万/套
美的云筑,商业,未开盘,"['南沙 ', ' 鱼窝头 ', ' 鱼窝头体育文化广场对面']",品牌房企 健身跑道 开发区 菜市场,价格待定,
南沙奥园,写字楼,未开盘,"['南沙 ', ' 南沙湾 ', ' 珠江东路269号']",品牌房企 自持商业 开发区 现房,价格待定,
金众江悦府,住宅,在售,"['增城 ', ' 石滩镇 ', ' 建设东路金众江悦府']",复式 近主干道 临近高速 车位充足,15500  元/平(均价),总价158万/套
华润置地润悦,住宅,在售,"['增城 ', ' 荔城西区 ', ' 增城大道475号']",品牌房企 小户型 大型社区,19000  元/平(均价),总价160万/套
越秀·天悦江湾,住宅,在售,"['海珠 ', ' 南洲 ', ' 南洲路1026号']",品牌房企 复式 车位充足,78000  元/平(均价),总价1000万/套
臻尚苑,商业,下期待开,"['番禺 ', ' 广州南站 ', ' 石洲中路100号']",现房 购物方便 娱乐丰富 休闲广场,28500  元/平(均价),
敏捷御峰国际,商业,在售,"['番禺 ', ' 会江 ', ' 105国道左侧敏捷御峰国际']",,价格待定,
碧桂园泊岸,住宅,在售,"['花都 ', ' 狮岭镇 ', ' 狮岭大道东12号（祥和酒店旁）']",品牌房企 贴心物业 多轨交汇 小型社区,13800  元/平(均价),总价124万/套
绿湖国际城,商业,在售,"['增城 ', ' 石滩镇 ', ' 挂绿新城石滩广场旁(地铁16号线石滩站)']",品牌房企 临近高速 现房,17000  元/平(均价),
金科集美御峰,住宅,在售,"['南沙 ', ' 黄阁 ', ' 黄阁镇金瑞美秀二街4号']",品牌房企 贴心物业 开发区,22500  元/平(均价),总价200万/套
源海仙村一号,商业,在售,"['增城 ', ' 石滩镇 ', ' 荔新大道与仙村大道交汇处']",水系园林 近主干道 车位充足 人车分流,20000  元/平(均价),
方圆云山诗意云玺,住宅,在售,"['增城 ', ' 石滩镇 ', ' 石滩镇中山西路29号']",贴心物业 复式 近主干道 车位充足,16500  元/平(均价),总价158万/套
时代天汇,住宅,在售,"['增城 ', ' 石滩镇 ', ' 石顺大道662号']",品牌房企 小户型 近主干道,15500  元/平(均价),总价130万/套
万科未来之丘,写字楼,在售,"['番禺 ', ' 市桥北 ', ' 东环街东星路90号']",品牌房企 贴心物业 近主干道 现房,45000  元/平(均价),
金时花园,商业,在售,"['增城 ', ' 荔城增江 ', ' 增江街纬六路5号']",近主干道 现房 车位充足,18000  元/平(均价),
招商金茂保利和府,住宅,在售,"['从化 ', ' 旧城区 ', ' 和鸣路']",小户型 多轨交汇 绿化率高,17500  元/平(均价),总价119万/套
朗云花园,住宅,在售,"['白云 ', ' 夏茅 ', ' 机场路3080号']",品牌房企 复式 多轨交汇 近主干道,47500  元/平(均价),总价450万/套
伟腾云星,住宅,在售,"['白云 ', ' 黄边 ', ' 鹤龙一路766-782号']",小户型 多轨交汇 车位充足 绿化率高,43500  元/平(均价),总价356万/套
荣升·珑樾,住宅,在售,"['白云 ', ' 同和 ', ' 广州大道北蟹石路2-38号(双号)']",小户型 多轨交汇 低密居所 小型社区,46000  元/平(均价),总价300万/套
尊悦台,住宅,在售,"['南沙 ', ' 大岗镇 ', ' 大岗镇康宁路8号']",低密居所 小型社区,18000  元/平(均价),总价146万/套
凯达尔枢纽国际广场,写字楼,在售,"['增城 ', ' 白江 ', ' 港口大道336号']",多轨交汇 车位充足,26000  元/平(均价),
新力琥珀园,住宅,在售,"['花都 ', ' 铁路西 ', ' 荔红北路8号']",品牌房企 复式 多轨交汇 车位充足,20000  元/平(均价),总价200万/套
华发江南府,住宅,在售,"['海珠 ', ' 同福 ', ' 宝岗大道中不动产交易中心旁']",小型社区,58000  元/平(均价),总价790万/套
丰盛101,住宅,在售,"['增城 ', ' 新塘北 ', ' 荔新大道97号']",小户型 贴心物业 多轨交汇,25000  元/平(均价),总价170万/套
万科金色里程,住宅,在售,"['增城 ', ' 朱村 ', ' 新塘东.济广高速与荔新公路交汇处']",品牌房企 小户型 近主干道,16000  元/平(均价),总价128万/套
世茂天越,住宅,在售,"['越秀 ', ' 五羊新城 ', ' 五羊邨地铁站A出口（往南前行100米）']",近主干道 车位充足 绿化率高 成熟商圈,120000  元/平(均价),总价1300万/套
名荟公馆,住宅,在售,"['花都 ', ' 铁路西 ', ' 荔红南路2号']",小户型 小型社区,18000  元/平(均价),总价83万/套
保利335金融中心,住宅,在售,"['增城 ', ' 凤凰城 ', ' 汽车城大道57号']",品牌房企 复式 车位充足 大型社区,33000  元/平(均价),总价400万/套
广州龙湖·揽境,住宅,在售,"['黄埔 ', ' 科学城 ', ' 永顺大道广州龙湖·揽境']",品牌房企 近主干道 车位充足 绿化率高,32000  元/平(均价),总价328万/套
合景万景峰,住宅,在售,"['四会 ', ' 大旺 ', ' 玮四街6号']",大型社区,7500  元/平(均价),
新世界天逸,住宅,售罄,"['天河 ', ' 天河公园 ', ' 天府路31号（天河公园西门、区政府旁）']",贴心物业 水系园林 近主干道 成熟商圈,80000  元/平(均价),
汇金中心,底商,售罄,"['天河 ', ' 金融城 ', ' 黄埔大道与科韵路交界']",近主干道,8000  万/套(总价),
广州亚运城,商业,售罄,"['番禺 ', ' 亚运城 ', ' 番禺区石楼镇亚运南路']",儿童乐园 近主干道,23000  元/平(均价),
时代春树里,住宅,售罄,"['黄埔 ', ' 香雪 ', ' 萝岗科学城开源大道植树公园西侧10米']",品牌房企 近主干道 现房 绿化率高,30000  元/平(均价),
增城时代廊桥,住宅,售罄,"['增城 ', ' 永和 ', ' 永宁大道28号']",品牌房企 现房 大型社区,19000  元/平(均价),
花语水岸,住宅,售罄,"['荔湾 ', ' 大坦沙 ', ' 西海南路花语水岸']",现房 大型社区,32000  元/平(均价),
保利云禧西区,住宅,售罄,"['白云 ', ' 白云大道南 ', ' 齐富路196号']",现房 车位充足,60000  元/平(均价),
保利云禧东区,住宅,售罄,"['白云 ', ' 白云大道南 ', ' 齐富路196号']",现房 绿化率高,价格待定,
盛恒家园,住宅,售罄,"['番禺 ', ' 亚运大道中 ', ' 亚运大道盛恒家园']",现房 绿化率高,12500  元/平(均价),
恒大御府,住宅,售罄,"['白云 ', ' 梅花园 ', ' 怡新路229号']",品牌房企 现房 大型社区 成熟商圈,48500  元/平(均价),
紫茗花园,住宅,售罄,"['南沙 ', ' 进港大道 ', ' 富佳北街43号']",现房 小型社区,价格待定,
中盈一海里,住宅,售罄,"['南沙 ', ' 环市大道西 ', ' 环市大道西123号']",现房 绿化率高,9000  元/平(均价),
富力万科云启,住宅,售罄,"['天河 ', ' 车陂 ', ' 中山大道车陂北街']",贴心物业 地铁沿线 现房 小型社区,27000  元/平(均价),
景新国际名城,住宅,售罄,"['增城 ', ' 中新镇 ', ' 中新镇风光路33号']",现房,价格待定,
锦尚蓬莱苑,住宅,售罄,"['花都 ', ' 新区 ', ' 凤凰北路8号']",现房,18000  元/平(均价),
东港花园,住宅,售罄,"['黄埔 ', ' 文冲 ', ' 黄埔东路文船路363号']",现房 车位充足,126  万/套(总价),
龙湖首开天宸原著,住宅,售罄,"['天河 ', ' 黄村 ', ' 大灵山路452号']",现房 绿化率高 购物方便 综合商场,47000  元/平(均价),
丽水蓝天,住宅,售罄,"['番禺 ', ' 大石 ', ' 大石街朝阳东路72号（富丽小学旁）']",现房 小型社区 购物方便 娱乐丰富,25000  元/平(均价),
颐德公馆,住宅,售罄,"['天河 ', ' 珠江新城东 ', ' 花城大道126号-136号(双号)']",地铁沿线 公交直达 现房 车位充足,88000  元/平(均价),
好美嘉园好美华庭,住宅,售罄,"['花都 ', ' 炭步 ', ' 花都大道西83号']",现房 绿化率高,价格待定,
新天半山墅,住宅,售罄,"['白云 ', ' 南湖 ', ' 广州大道北1080号']",现房 低密居所 购物方便 美食云集,48000  元/平(均价),
晴海岸,住宅,售罄,"['南沙 ', ' 南沙湾 ', ' 环市大道南三姓路口']",地铁沿线 现房 购物方便 娱乐丰富,23000  元/平(均价),
路劲隽泷湾,住宅,售罄,"['荔湾 ', ' 龙溪 ', ' 旧龙溪路(原芳村至尊高尔夫球场)']",公交直达 现房 绿化率高 购物方便,26000  元/平(均价),
学府南苑,住宅,售罄,"['花都 ', ' 狮岭镇 ', ' 学府路10号']",现房 车位充足,8700  元/平(均价),
华标荔苑,住宅,售罄,"['从化 ', ' 太平镇 ', ' 平南路8号']",现房 低密居所,8400  元/平(均价),
水韵翔庭,住宅,售罄,"['黄埔 ', ' 开发西区 ', ' 开发区锦绣路16-26号']",现房 小型社区,14000  元/平(均价),
保利学府里,住宅,售罄,"['黄埔 ', ' 大沙地 ', ' 黄埔大道与中山大道交汇处']",地铁沿线 公交直达 现房 银行,43000  元/平(均价),
南天名苑,住宅,售罄,"['番禺 ', ' 洛溪 ', ' 洛浦街洛溪环岛北路8号']",贴心物业 入户花园 公交直达 近主干道,55000  元/平(均价),
东华星域,住宅,售罄,"['海珠 ', ' 前进路 ', ' 江南大道中79号']",地铁沿线 公交直达 现房 小型社区,价格待定,
狮峰公馆,住宅,售罄,"['花都 ', ' 铁路西 ', ' 荔红南路10号']",现房 小型社区 购物方便 美食云集,价格待定,
友田碧云轩,住宅,售罄,"['花都 ', ' 狮岭镇 ', ' 狮岭大道东13号']",公交直达 现房 小型社区 购物方便,13000  元/平(均价),
宝翠园,住宅,售罄,"['天河 ', ' 龙洞 ', ' 宝翠路4-6号(华南植物园对面)']",贴心物业 公交直达 现房 绿化率高,57000  元/平(均价),
广州绿地城,住宅,售罄,"['黄埔 ', ' 知识城 ', ' 中新知识城九龙大道旺村地铁站西侧50米']",地铁沿线 现房 大型社区 公园,23000  元/平(均价),
富力天海湾,住宅,售罄,"['南沙 ', ' 环市大道西 ', ' 工业一路塘坑A出口900米处']",现房 大型社区 购物方便 娱乐丰富,22000  元/平(均价),
天健上城,住宅,售罄,"['天河 ', ' 车陂 ', ' 广园快速路与车陂西路交界处']",现房 绿化率高,40000  元/平(均价),
万科金色梦想,住宅,售罄,"['黄埔 ', ' 香雪 ', ' 科学城开源大道与玉岩路交汇处']",现房 低密居所 购物方便 综合商场,14000  元/平(均价),
保利悦廷,住宅,售罄,"['花都 ', ' 铁路西 ', ' 九潭南路10号']",地铁沿线 公交直达 现房 绿化率高,价格待定,
雅居乐万科热橙,住宅,售罄,"['花都 ', ' 花山镇 ', ' 机场高速花山出口雅居乐万科热橙']",现房 大型社区 购物方便 娱乐丰富,16000  元/平(均价),
爱尚流溪,住宅,售罄,"['从化 ', ' 江浦街 ', ' 环市东路988号（G105与迎宾大道交界处）']",地铁沿线 现房 绿化率高 购物方便,13000  元/平(均价),
家和逸品苑,住宅,售罄,"['花都 ', ' 旧区 ', ' 建设北路162号（花都圆玄小学对面）']",地铁沿线 现房 小型社区 娱乐丰富,17000  元/平(均价),
越秀保利爱特城,住宅,售罄,"['黄埔 ', ' 香雪 ', ' 云诚路8号']",品牌房企 贴心物业 现房 绿化率高,23000  元/平(均价),
新城市宜家,住宅,售罄,"['番禺 ', ' 大石 ', ' 大石镇富丽家园大山路以南1号']",现房 小型社区,价格待定,
望谷温泉小镇,住宅,售罄,"['从化 ', ' 温泉镇 ', ' 温泉西路8号']",旅游地产 温泉入户 现房 低密居所,12000  元/平(均价),
佳滨苑,住宅,售罄,"['海珠 ', ' 前进路 ', ' 海印桥南东晓路与仲恺路交汇处']",地铁沿线 现房 小型社区 购物方便,62000  元/平(均价),
碧桂园豪进广场,住宅,售罄,"['增城 ', ' 白江 ', ' 东江大道碧桂园豪进广场, 东江大道南28号']",现房 车位充足 银行,价格待定,
银山尚橙,住宅,售罄,"['海珠 ', ' 工业大道北 ', ' 革新路101号']",地铁沿线 公交直达 现房 低密居所,23000  元/平(均价),
方圆云山诗意三期,住宅,售罄,"['增城 ', ' 荔城西区 ', ' 荔星大道北']",现房 绿化率高 娱乐丰富 美食云集,20000  元/平(均价),
凯旋新世界广粤尊府,住宅,售罄,"['天河 ', ' 珠江新城东 ', ' 珠江新城花城大道珠江公园南门对面']",地铁沿线 公交直达 现房 绿化率高,价格待定,
新时代家园,住宅,售罄,"['从化 ', ' 旧城区 ', ' 街口街新城中路86号']",现房 车位充足 购物方便 娱乐丰富,16000  元/平(均价),
海珠湖景峰,住宅,售罄,"['海珠 ', ' 南洲 ', ' 南洲路761号-819号']",现房 低密居所 购物方便 娱乐丰富,27000  元/平(均价),
万科里享水韵,住宅,售罄,"['黄埔 ', ' 科学城 ', ' 永顺大道中1号']",公交直达 现房 小型社区 运动健身,17000  元/平(均价),
淘金家园峯璟,住宅,售罄,"['越秀 ', ' 淘金 ', ' 淘金东横路9号、11号、13号']",公交直达 现房 绿化率高 购物方便,70000  元/平(均价),
蓝光林肯公园,住宅,售罄,"['南沙 ', ' 金洲 ', ' 金枫路（奥园中环广场旁）']",健身跑道 儿童乐园 多轨交汇 近主干道,26000  元/平(均价),总价322万/套
远洋天骄,住宅,售罄,"['天河 ', ' 天河客运站 ', ' 元岗路68号']",品牌房企 自持商业 多轨交汇 公交直达,45000  元/平(均价),
金融街融穗御府,住宅,售罄,"['黄埔 ', ' 科学城 ', ' 长岭路永顺大道（长岭居小学南侧200米）']",现房 低密居所,28000  元/平(均价),
佳兆业天御,住宅,售罄,"['白云 ', ' 京溪 ', ' 沙太路梅花园20号']",现房 车位充足 购物方便 娱乐丰富,61000  元/平(均价),
碧桂园海湾1号,住宅,售罄,"['南沙 ', ' 南沙港 ', ' 海港大道东华师附小旁']",现房 低密居所 娱乐丰富 美食云集,23000  元/平(均价),
荔园悦享花醍,住宅,售罄,"['花都 ', ' 铁路西 ', ' 新华街迎宾大道与平步大道西交汇处']",现房 低密居所 购物方便 美食云集,16000  元/平(均价),
万科峯境,住宅,售罄,"['白云 ', ' 白云大道南 ', ' 白云大道南399号']",地铁沿线 公交直达 现房 配套齐全,价格待定,
珠江岭南苑,住宅,售罄,"['白云 ', ' 白云大道南 ', ' 云城西路与云城北一路交汇处东北侧']",多轨交汇 现房 低密居所 购物方便,95000  元/平(均价),
江山国际,住宅,售罄,"['海珠 ', ' 万胜围 ', ' 琶洲新港东路48号']",现房 低密居所,47000  元/平(均价),
叠翠峰,住宅,售罄,"['南沙 ', ' 南沙区府 ', ' 凤凰大道与丰泽西路交汇处']",现房 绿化率高,25000  元/平(均价),
华发四季名苑,住宅,售罄,"['白云 ', ' 嘉禾望岗 ', ' 观云街新顺路1号']",现房 车位充足 成熟商圈,58000  元/平(均价),
龙津世家,住宅,售罄,"['荔湾 ', ' 龙津 ', ' 龙津中路与华贵路交接处东侧']",贴心物业 近主干道 现房 小型社区,60000  元/平(均价),
恒洲小苑,住宅,售罄,"['海珠 ', ' 南洲 ', ' 南洲路307-319号']",公交直达 现房 小型社区 配套齐全,35000  元/平(均价),
裕豪轩,住宅,售罄,"['南沙 ', ' 南沙湾 ', ' 海景路8号']",现房 低密居所 购物方便 美食云集,20000  元/平(均价),
广州时代云图,住宅,售罄,"['南沙 ', ' 金洲 ', ' 金隆路与双山大道交汇处']",入户花园 现房 娱乐丰富 美食云集,14000  元/平(均价),
金海御苑,住宅,售罄,"['番禺 ', ' 番禺客运站 ', ' 石岗南路9号(金海岸花园西侧、石岗南路东侧)']",地铁沿线 公交直达 现房 低密居所,15000  元/平(均价),
祈福万景峰祈福天龙苑,住宅,售罄,"['花都 ', ' 铁路西 ', ' 新街大道望亭路6号']",品牌房企 自持商业 临近高速 现房,22000  元/平(均价),
云峰花园4期,住宅,售罄,"['花都 ', ' 镜湖大道 ', ' 广州市花都区镜湖路2号（花都迎宾大道）']",现房 绿化率高 购物方便 娱乐丰富,11495  元/平(均价),
信业尚誉,住宅,售罄,"['番禺 ', ' 东怡新区 ', ' 亚运大道信业尚誉']",现房 小型社区,12500  元/平(均价),
越秀可逸江畔,住宅,售罄,"['番禺 ', ' 桥南 ', ' 市桥南区南城路（番禺中学旁）']",公交直达 现房 低密居所 购物方便,16000  元/平(均价),
宝峰春天,住宅,售罄,"['花都 ', ' 狮岭镇 ', ' 宝峰南路宝峰春天']",现房 小型社区 成熟商圈 购物方便,13500  元/平(均价),
华润天合,住宅,售罄,"['天河 ', ' 黄村 ', ' 大灵山路400号']",品牌房企 贴心物业 现房 车位充足,47000  元/平(均价),
叠翠轩,住宅,售罄,"['从化 ', ' 太平镇 ', ' 花园路10巷北侧40米']",近主干道 现房 小型社区 成熟商圈,14000  元/平(均价),
紫薇丽都,住宅,售罄,"['花都 ', ' 新区 ', ' 新华街兰花路5号']",现房 购物方便 美食云集 公园,19000  元/平(均价),
庄士映蝶蓝湾二期,住宅,售罄,"['番禺 ', ' 石楼 ', ' 莲港大道']",现房 低密居所,价格待定,
碧桂园蜜柚,住宅,售罄,"['南沙 ', ' 进港大道 ', ' 进港大道北侧（南沙碧桂园对面）']",现房 购物方便 美食云集 医疗配套,20000  元/平(均价),
时代南湾,住宅,售罄,"['南沙 ', ' 南沙港 ', ' 港前大道北路南沙游艇会对面']",现房 低密居所 购物方便 娱乐丰富,15000  元/平(均价),
骏威锦东花园,住宅,售罄,"['花都 ', ' 新区 ', ' 新华街桂花路61号']",多轨交汇 现房 绿化率高 成熟商圈,30000  元/平(均价),
尚上名筑二期,住宅,售罄,"['番禺 ', ' 亚运城 ', ' 亚运大道尚上名筑']",现房 绿化率高 购物方便 娱乐丰富,28000  元/平(均价),
越秀星汇海珠湾,住宅,售罄,"['海珠 ', ' 工业大道中 ', ' 广纸路40号']",品牌房企 现房 绿化率高 购物方便,58000  元/平(均价),
力诚凯怡湾,住宅,售罄,"['增城 ', ' 新塘南 ', ' 镇新塘大道12号']",现房 绿化率高,价格待定,
芙蓉春晓,住宅,售罄,"['花都 ', ' 狮岭镇 ', ' 新庄村芙蓉春晓']",现房 低密居所,价格待定,
凯德新玥,住宅,售罄,"['南沙 ', ' 榄核镇 ', ' 蔡新路与广场路交界']",现房 绿化率高 购物方便 美食云集,13500  元/平(均价),
隆泰逸品君庭,住宅,售罄,"['白云 ', ' 桂花岗 ', ' 三元里走马岗路28号']",现房 低密居所,31000  元/平(均价),
温馨里,住宅,售罄,"['番禺 ', ' 市桥北 ', ' 市广路2号']",现房 小型社区,17000  元/平(均价),
山水庭苑,住宅,售罄,"['白云 ', ' 南湖 ', ' 广州大道北同和路828号(南湖游乐园旁)']",现房 低密居所,35166  元/平(均价),
悦尚公馆,住宅,售罄,"['番禺 ', ' 大石 ', ' 大石街富丽商住区403号']",现房 小型社区,价格待定,
南沙金湾,住宅,售罄,"['南沙 ', ' 进港大道 ', ' 进港大道华汇国际广场东侧200米']",现房 大型社区,12000  元/平(均价),
农林华府,住宅,售罄,"['越秀 ', ' 环市东 ', ' 犀牛尾村63号']",地铁沿线 现房 小型社区 配套齐全,70000  元/平(均价),
越秀岭南雅筑,住宅,售罄,"['黄埔 ', ' 香雪 ', ' 科学城开源大道与隧北路交汇处']",现房 低密居所 购物方便 美食云集,14000  元/平(均价),
东怡新地,住宅,售罄,"['番禺 ', ' 东怡新区 ', ' 亚运大道与清河东路接驳口东怡新地']",地铁沿线 公交直达 现房 绿化率高,价格待定,
宝翠园,住宅,售罄,"['天河 ', ' 龙洞 ', ' 宝翠路4-6号(华南植物园对面)']",贴心物业 公交直达 现房 绿化率高,57000  元/平(均价),
友田碧云轩,住宅,售罄,"['花都 ', ' 狮岭镇 ', ' 狮岭大道东13号']",公交直达 现房 小型社区 购物方便,13000  元/平(均价),
骏文雅苑,住宅,售罄,"['越秀 ', ' 农讲所 ', ' 文明路119、121、123号']",地铁沿线 公交直达 现房 小型社区,57462  元/平(均价),
百荣园云山名都,住宅,售罄,"['白云 ', ' 机场路 ', ' 机场路云山名都']",公交直达 现房 大型社区 配套齐全,价格待定,
中海联同福睿府,住宅,售罄,"['海珠 ', ' 宝岗 ', ' 同福东路560号']",现房 小型社区 娱乐丰富 美食云集,价格待定,
泊岸君庭,住宅,售罄,"['花都 ', ' 旧区 ', ' 花都宝华路与天贵路交汇处（花果山公园北门）']",地铁沿线 公交直达 现房 小型社区,16000  元/平(均价),
东湖映月,住宅,售罄,"['白云 ', ' 龙归 ', ' 龙河西路东湖映月']",现房 绿化率高 配套齐全 购物方便,32000  元/平(均价),
花都名雅苑,住宅,售罄,"['花都 ', ' 花山镇 ', ' 花山镇花山路40号']",公交直达 现房 小型社区 购物方便,7300  元/平(均价),
翠荷轩,住宅,售罄,"['荔湾 ', ' 坑口 ', ' 芳村东教南路92号']",现房 绿化率高 成熟商圈 购物方便,价格待定,
碧桂园城市花园花岸苑,住宅,售罄,"['增城 ', ' 朱村 ', ' 朱村街广汕公路燕岗桥公交站东行800米']",地铁沿线 现房 低密居所 美食云集,16000  元/平(均价),
南沙心意华庭,住宅,售罄,"['南沙 ', ' 金洲 ', ' 金岭北路395号']",现房 绿化率高 购物方便 娱乐丰富,13000  元/平(均价),
倚绿山庄尚院,住宅,售罄,"['白云 ', ' 同和 ', ' 倚绿北街14号']",现房 低密居所 购物方便 公园,30036  元/平(均价),
绿地新里缇香公馆,住宅,售罄,"['花都 ', ' 旧区 ', ' 建设北路178号(建设北路与紫薇路交汇处)']",品牌房企 现房 成熟商圈 娱乐丰富,20500  元/平(均价),
东怡新地,住宅,售罄,"['番禺 ', ' 东怡新区 ', ' 亚运大道与清河东路接驳口东怡新地']",地铁沿线 公交直达 现房 绿化率高,价格待定,
中大城,住宅,售罄,"['南沙 ', ' 金洲 ', ' 双山大道4号线金洲站A出口200米处']",地铁沿线 公交直达 现房 配套齐全,19000  元/平(均价),
越秀岭南雅筑,住宅,售罄,"['黄埔 ', ' 香雪 ', ' 科学城开源大道与隧北路交汇处']",现房 低密居所 购物方便 美食云集,14000  元/平(均价),
农林华府,住宅,售罄,"['越秀 ', ' 环市东 ', ' 犀牛尾村63号']",地铁沿线 现房 小型社区 配套齐全,70000  元/平(均价),
君荟名轩,住宅,售罄,"['荔湾 ', ' 西村 ', ' 环市西路47号（地铁西村站D出口100米处）']",多轨交汇 近主干道 现房 小型社区,38000  元/平(均价),
白云堡豪苑尚云名邸,住宅,售罄,"['白云 ', ' 永泰 ', ' 新广从公路白云堡大道1号']",地铁沿线 多轨交汇 现房 低密居所,45000  元/平(均价),
骏文雅苑,住宅,售罄,"['越秀 ', ' 农讲所 ', ' 文明路119、121、123号']",地铁沿线 公交直达 现房 小型社区,57462  元/平(均价),
百荣园云山名都,住宅,售罄,"['白云 ', ' 机场路 ', ' 机场路云山名都']",公交直达 现房 大型社区 配套齐全,价格待定,
泊岸君庭,住宅,售罄,"['花都 ', ' 旧区 ', ' 花都宝华路与天贵路交汇处（花果山公园北门）']",地铁沿线 公交直达 现房 小型社区,16000  元/平(均价),
中海联同福睿府,住宅,售罄,"['海珠 ', ' 宝岗 ', ' 同福东路560号']",现房 小型社区 娱乐丰富 美食云集,价格待定,
君源御湖城,住宅,售罄,"['从化 ', ' 江浦街 ', ' 灌村路江埔街道399号']",现房 低密居所 购物方便 公园,15000  元/平(均价),
东湖映月,住宅,售罄,"['白云 ', ' 龙归 ', ' 龙河西路东湖映月']",现房 绿化率高 配套齐全 购物方便,32000  元/平(均价),
豪利幸福里,住宅,售罄,"['花都 ', ' 狮岭镇 ', ' 狮岭大道美湖路3号']",现房 小型社区 购物方便 娱乐丰富,12000  元/平(均价),
九洲海誉居,住宅,售罄,"['天河 ', ' 粤垦 ', ' 东莞庄路78-88号']",自持商业 地铁沿线 公交直达 现房,78000  元/平(均价),
越秀滨海悦城,住宅,售罄,"['南沙 ', ' 金洲 ', ' 南沙丰润路与海滨路交汇处南侧']",地铁沿线 公交直达 现房 绿化率高,20000  元/平(均价),
越秀星汇御府,住宅,售罄,"['天河 ', ' 珠江新城东 ', ' 海业路6号']",地铁沿线 公交直达 现房 车位充足,72000  元/平(均价),
新景豪庭,住宅,售罄,"['增城 ', ' 白江 ', ' 广深大道西新景豪庭']",地铁沿线 公交直达 现房 低密居所,价格待定,
狮城国际,住宅,售罄,"['花都 ', ' 狮岭镇 ', ' 花都狮岭大道东8号']",临近高速 现房 大型社区 成熟商圈,18500  元/平(均价),总价185万/套
越秀三四里江,住宅,售罄,"['番禺 ', ' 大学城 ', ' 小谷围岛大学城中八路22号']",现房 低密居所,4000  万/套(总价),
番禺海伦堡流金岁月,住宅,售罄,"['番禺 ', ' 桥南 ', ' 南区福德路223号']",休闲会所 公交直达 现房 车位充足,40000  元/平(均价),
祈福辉煌台,住宅,售罄,"['花都 ', ' 铁路西 ', ' 新华镇云山大道农新路1号']",公交直达 现房 低密居所 购物方便,价格待定,
馨晴轩,住宅,售罄,"['海珠 ', ' 前进路 ', ' 素社六巷3号之1至9']",地铁沿线 现房 小型社区 配套齐全,47500  元/平(均价),
嘉都汇,住宅,售罄,"['花都 ', ' 镜湖大道 ', ' 迎宾大道187号']",多轨交汇 临近高速 现房 大型社区,26500  元/平(均价),总价516万/套
桃源盛世名苑,住宅,售罄,"['花都 ', ' 旧区 ', ' 新华街南石西路1号']",公交直达 现房 小型社区 银行,11000  元/平(均价),
阳光城香缇溪岸,住宅,售罄,"['南沙 ', ' 进港大道 ', ' 滨海路和倚涛三街交汇处']",现房 大型社区 银行,9500  元/平(均价),
保利红馆,住宅,售罄,"['番禺 ', ' 汉溪 ', ' 汉溪大道与新光快速交汇处']",现房 绿化率高 购物方便 美食云集,价格待定,
汇东国际花园,住宅,售罄,"['增城 ', ' 白江 ', ' 新塘镇汇东南路1号']",地铁沿线 现房 大型社区 购物方便,23000  元/平(均价),
万科里享家,住宅,售罄,"['黄埔 ', ' 科学城 ', ' 长岭居新业路与布岭路交汇处（甘竹山东南麓）']",品牌房企 贴心物业 公交直达 现房,22000  元/平(均价),
富丽居,住宅,售罄,"['番禺 ', ' 大石 ', ' 石北工业路22号']",地铁沿线 公交直达 现房 绿化率高,32000  元/平(均价),
葛洲坝保利曼城,住宅,售罄,"['荔湾 ', ' 广钢新城 ', ' 鹤洞路葛洲坝保利曼城']",近主干道 现房 绿化率高,45000  元/平(均价),
金海岸花园聚湖,住宅,售罄,"['番禺 ', ' 番禺客运站 ', ' 清河东路金海岸花园光海地图']",入户花园 临近高速 现房 绿化率高,53000  元/平(均价),
越秀星汇云城,住宅,售罄,"['白云 ', ' 同和 ', ' 广州大道北同宝路163号']",品牌房企 现房 绿化率高 购物方便,45000  元/平(均价),
路劲隽悦豪庭二期三期,住宅,售罄,"['花都 ', ' 旧区 ', ' 三东大道3号']",现房 车位充足,12500  元/平(均价),
新福港鼎峰,住宅,售罄,"['黄埔 ', ' 科学城 ', ' 香雪大道西283号']",现房 大型社区 购物方便 娱乐丰富,22500  元/平(均价),
宏康小筑,住宅,售罄,"['黄埔 ', ' 科学城 ', ' 永和经济区来安三街21号']",公交直达 现房 绿化率高 购物方便,价格待定,
港航华庭,住宅,售罄,"['南沙 ', ' 南沙港 ', ' 进港大道582号']",公交直达 现房 车位充足 购物方便,11000  元/平(均价),
正太广场,住宅,售罄,"['番禺 ', ' 市桥 ', ' 禺山大道正太广场']",现房 车位充足 景区 医疗配套,23000  元/平(均价),
星河盛世,住宅,售罄,"['南沙 ', ' 进港大道 ', ' 进港大道肯德基北侧前行50米']",现房 低密居所,价格待定,
保利天悦花园,住宅,售罄,"['海珠 ', ' 万胜围 ', ' 阅江路琶洲塔公园旁']",地铁沿线 现房 绿化率高 配套齐全,65000  元/平(均价),
嘉汇四季阳光,住宅,售罄,"['增城 ', ' 荔城西区 ', ' 荔城大道225号']",地铁沿线 公交直达 现房 车位充足,17600  元/平(均价),
合汇学府名郡,住宅,售罄,"['增城 ', ' 白江 ', ' 新塘大道西新塘第三中学西100米']",现房 低密居所,27000  元/平(均价),
万科南方公元,住宅,售罄,"['南沙 ', ' 黄阁 ', ' 黄阁大道南大山乸公园旁']",现房 低密居所 购物方便 综合商场,价格待定,
竹雅苑,住宅,售罄,"['越秀 ', ' 三元里 ', ' 矿泉街北站南路17号']",临近高速 现房 低密居所 购物方便,36000  元/平(均价),
水电广场,住宅,售罄,"['增城 ', ' 白江 ', ' 广深大道西水电广场']",现房 车位充足 娱乐丰富 运动健身,价格待定,
富力悦禧花园,住宅,售罄,"['黄埔 ', ' 开发东区 ', ' 黄埔区广园快速路笔村立交旁（丹水坑风景旅游区北侧100米）']",现房 绿化率高 景区,24000  元/平(均价),
凯得文化广场,住宅,售罄,"['黄埔 ', ' 科学城 ', ' 开创大道凯得文化广场']",现房 绿化率高 美食云集 综合商场,23000  元/平(均价),
东馨美居,住宅,售罄,"['花都 ', ' 旧区 ', ' 建设北路91号']",现房 小型社区 购物方便 娱乐丰富,价格待定,
云星钱隆公馆,住宅,售罄,"['从化 ', ' 旧城区 ', ' 从城大道云星钱隆公馆']",现房 小型社区 购物方便 美食云集,20000  元/平(均价),
中国铁建国际花园,住宅,售罄,"['增城 ', ' 朱村 ', ' 朱村大道中国铁建国际花园']",现房 低密居所,18000  元/平(均价),
南沙翡翠公馆,住宅,售罄,"['南沙 ', ' 金洲 ', ' 金洲村与板头村交汇处']",现房 小型社区 购物方便 美食云集,15000  元/平(均价),
清水蓝湾,住宅,售罄,"['花都 ', ' 花东镇 ', ' 花都花东镇保良村溪河西路7号（即花东商业城直行300米）']",现房 低密居所 购物方便 美食云集,11000  元/平(均价),
保利越秀岭南林语,住宅,售罄,"['黄埔 ', ' 科学城 ', ' 永顺大道长岭路长岭居小学西侧10米']",公交直达 现房 低密居所 购物方便,17000  元/平(均价),
花城悦翠园,住宅,售罄,"['花都 ', ' 花山镇 ', ' 花山大道花城悦翠园']",现房 小型社区 娱乐丰富 运动健身,12000  元/平(均价),
御东雅苑,住宅,售罄,"['越秀 ', ' 东风西 ', ' 东风路与解放路交汇处（路口西南侧）']",地铁沿线 公交直达 现房 小型社区,43000  元/平(均价),
佳兆业城市广场,住宅,售罄,"['黄埔 ', ' 沙村 ', ' 盛凯大街6号(开创大道与黄埔东路交汇处)']",地铁沿线 现房 绿化率高 购物方便,32000  元/平(均价),
南沙湾东苑,住宅,售罄,"['南沙 ', ' 南沙港 ', ' 港前大道英东中学西南方向500米']",现房 低密居所 购物方便 美食云集,32000  元/平(均价),
大岗翡翠蓝湾北区,住宅,售罄,"['南沙 ', ' 大岗镇 ', ' 高沙路蓝华街21号']",公交直达 现房 低密居所 银行,13300  元/平(均价),
金地天河公馆,住宅,售罄,"['天河 ', ' 黄村 ', ' 黄云路']",品牌房企 贴心物业 现房 车位充足,43000  元/平(均价),
金茂湾,住宅,售罄,"['南沙 ', ' 南沙区府 ', ' 凤凰大道外国语学院对面']",品牌房企 贴心物业 现房 大型社区,34000  元/平(均价),
保利星海小镇,住宅,售罄,"['南沙 ', ' 榄核镇 ', ' 榄核镇镇南路南侧']",品牌房企 贴心物业 现房 大型社区,18000  元/平(均价),
万科尚城,住宅,售罄,"['黄埔 ', ' 夏园 ', ' 黄埔东路与丹水坑路交界（南岗地铁站旁）']",品牌房企 贴心物业 地铁沿线 公交直达,31000  元/平(均价),
珠光新城御景,住宅,售罄,"['天河 ', ' 珠江新城东 ', ' 珠江新城花城大道与平江路交界（地铁5号线潭村站B出口旁）']",地铁沿线 现房 低密居所 购物方便,90000  元/平(均价),
凤凰御景,住宅,售罄,"['花都 ', ' 新区 ', ' 凤凰北路34号']",现房 车位充足 配套齐全 购物方便,400  万/套(总价),
华筑翡翠湾,住宅,售罄,"['番禺 ', ' 大石 ', ' 大石沿江东路22号']",贴心物业 水系园林 地铁沿线 公交直达,38000  元/平(均价),
富力伯爵山,住宅,售罄,"['南沙 ', ' 南沙港 ', ' 英东大道']",品牌房企 复式 临近高速 现房,18000  元/平(均价),总价450万/套
粤海宝华轩,住宅,售罄,"['荔湾 ', ' 西关 ', ' 文昌南路旧宝华23号']",现房 小型社区 成熟商圈,43500  元/平(均价),
花都颐和山庄开花的树,住宅,售罄,"['花都 ', ' 狮岭镇 ', ' 梯面镇106国道与山前大道交界']",现房 低密居所,13000  元/平(均价),
罗马家园龙禧,住宅,售罄,"['海珠 ', ' 沥滘 ', ' 南洲路88号地铁三号线沥滘站']",现房 大型社区,43000  元/平(均价),
保利i立方,住宅,售罄,"['增城 ', ' 永和 ', ' 增城永宁大道（时代廊桥旁）']",现房,价格待定,
保利罗兰国际,住宅,售罄,"['黄埔 ', ' 科学城 ', ' 开创大道2656号']",品牌房企 公交直达 近主干道 现房,40000  元/平(均价),
保利翡翠山,住宅,售罄,"['花都 ', ' 旧区 ', ' 建设北192号（花都公安办证大厅对面）']",贴心物业 地铁沿线 公交直达 现房,25000  元/平(均价),
碧桂园豪进左岸,住宅,售罄,"['增城 ', ' 石滩镇 ', ' 石滩体育馆东行约400米处']",现房 绿化率高,价格待定,
奥园莲峰圣境,住宅,售罄,"['番禺 ', ' 莲花山 ', ' 石楼镇莲江路莲花山风景区西侧']",品牌房企 贴心物业 近主干道 现房,17000  元/平(均价),
时代天启,住宅,售罄,"['增城 ', ' 荔城增江 ', ' 狮尾路1号（荔城中学对面）']",品牌房企 贴心物业 现房 车位充足,19000  元/平(均价),
招商雍华府,住宅,售罄,"['天河 ', ' 黄村 ', ' 悦景路与珠吉路交汇处']",品牌房企 入户花园 现房 车位充足,900  万/套(总价),
天河金茂广场,住宅,售罄,"['天河 ', ' 沙太南 ', ' 广州大道北920号(地铁三号线梅花园地铁站南侧)']",品牌房企 多轨交汇 近主干道 车位充足,77000  元/平(均价),
雅居乐海珠小雅,住宅,售罄,"['海珠 ', ' 工业大道南 ', ' 广纸新城石岗路18号']",品牌房企 自持商业 地铁沿线 公交直达,56000  元/平(均价),
雅居乐小院流溪,住宅,售罄,"['从化 ', ' 神岗镇 ', ' 105国道雅居乐小院流溪']",地铁沿线 现房 低密居所 医疗配套,16000  元/平(均价),
越秀星汇海珠湾,商业,售罄,"['海珠 ', ' 工业大道中 ', ' 广纸路40号']",品牌房企 贴心物业 近主干道 现房,61000  元/平(均价),
文德先生,商业,售罄,"['越秀 ', ' 越秀南 ', ' 文德南路82号']",多轨交汇 近主干道 现房 成熟商圈,65000  元/平(均价),
越秀星汇云城,商业,售罄,"['白云 ', ' 同和 ', ' 广州大道北同宝路163号']",品牌房企 临近高速 现房 购物方便,50000  元/平(均价),
佳滨苑,商业,售罄,"['海珠 ', ' 前进路 ', ' 海印桥南东晓路与仲恺路交汇处']",贴心物业 地铁沿线 近主干道 现房,70000  元/平(均价),
碧桂园从化1960,商业,售罄,"['从化 ', ' 河滨北路 ', ' 街口河滨北路86号（河岛公园旁）']",品牌房企 水系园林 地铁沿线 公交直达,26000  元/平(均价),
越秀保利爱特城,商业,售罄,"['黄埔 ', ' 香雪 ', ' 云诚路8号']",品牌房企 自持商业 现房 购物方便,20000  元/平(均价),
金茂湾,住宅,售罄,"['南沙 ', ' 南沙区府 ', ' 凤凰大道外国语学院对面']",品牌房企 贴心物业 现房 大型社区,34000  元/平(均价),
金地天河公馆,住宅,售罄,"['天河 ', ' 黄村 ', ' 黄云路']",品牌房企 贴心物业 现房 车位充足,43000  元/平(均价),
紫薇丽都,住宅,售罄,"['花都 ', ' 新区 ', ' 新华街兰花路5号']",现房 购物方便 美食云集 公园,19000  元/平(均价),
庄士映蝶蓝湾二期,住宅,售罄,"['番禺 ', ' 石楼 ', ' 莲港大道']",现房 低密居所,价格待定,
时代南湾,住宅,售罄,"['南沙 ', ' 南沙港 ', ' 港前大道北路南沙游艇会对面']",现房 低密居所 购物方便 娱乐丰富,15000  元/平(均价),
骏威锦东花园,住宅,售罄,"['花都 ', ' 新区 ', ' 新华街桂花路61号']",多轨交汇 现房 绿化率高 成熟商圈,30000  元/平(均价),
尚上名筑二期,住宅,售罄,"['番禺 ', ' 亚运城 ', ' 亚运大道尚上名筑']",现房 绿化率高 购物方便 娱乐丰富,28000  元/平(均价),
碧桂园蜜柚,住宅,售罄,"['南沙 ', ' 进港大道 ', ' 进港大道北侧（南沙碧桂园对面）']",现房 购物方便 美食云集 医疗配套,20000  元/平(均价),
保利星海小镇,住宅,售罄,"['南沙 ', ' 榄核镇 ', ' 榄核镇镇南路南侧']",品牌房企 贴心物业 现房 大型社区,18000  元/平(均价),
万科尚城,住宅,售罄,"['黄埔 ', ' 夏园 ', ' 黄埔东路与丹水坑路交界（南岗地铁站旁）']",品牌房企 贴心物业 地铁沿线 公交直达,31000  元/平(均价),
锦绣半岛金月湾,住宅,售罄,"['番禺 ', ' 南浦 ', ' 南浦大道（东新高速南浦站出口）']",公交直达 现房 低密居所 购物方便,24000  元/平(均价),
万科云,写字楼,售罄,"['天河 ', ' 岑村 ', ' 华观路与高唐路交汇处']",现房 购物方便 超市,26000  元/平(均价),
越秀滨海御城二区,住宅,售罄,"['南沙 ', ' 金洲 ', ' 双山大道与祈丰路交汇处滨海御城']",低密居所 小型社区 购物方便 美食云集,33000  元/平(均价),
依山小筑,住宅,售罄,"['南沙 ', ' 进港大道 ', ' 富佳东街和富佳北街交汇处']",现房 绿化率高 娱乐丰富 运动健身,21000  元/平(均价),
黄埔万科中心,写字楼,售罄,"['黄埔 ', ' 文冲 ', ' 黄埔大道东黄埔客运站旁黄埔万科中心']",品牌房企 地铁沿线 近主干道 现房,21000  元/平(均价),
新城市学府,住宅,售罄,"['越秀 ', ' 小北 ', ' 小北路洪桥街25号']",地铁沿线 近主干道 现房 小型社区,360  万/套(总价),
中鼎君和名城,住宅,售罄,"['黄埔 ', ' 黄埔区府 ', ' 大沙东路青少年宫对面（大沙东地铁站D出口前行100米）']",地铁沿线 公交直达 现房 绿化率高,价格待定,
融创御园,住宅,售罄,"['增城 ', ' 朱村 ', ' 朱村大道中57号']",现房 小型社区,18500  元/平(均价),
富力金街28,商业,售罄,"['白云 ', ' 金沙洲 ', ' 环洲三路中海金沙馨园对面']",品牌房企 近主干道 现房 成熟商圈,15000  元/平(均价),
碧桂园蜜柚,底商,售罄,"['南沙 ', ' 进港大道 ', ' 进港大道北侧（南沙碧桂园对面）']",现房 购物方便 美食云集 医疗配套,20000  元/平(均价),
碧桂园海湾1号,底商,售罄,"['南沙 ', ' 南沙港 ', ' 港前大道碧桂园海湾1号']",品牌房企 近主干道 现房 人车分流,35000  元/平(均价),
花城金沙汇,商业,售罄,"['白云 ', ' 金沙洲 ', ' 金沙洲路111号']",多轨交汇 现房 成熟商圈,50000  元/平(均价),
晴海岸,底商,售罄,"['南沙 ', ' 南沙湾 ', ' 安捷利地块南侧晴海岸']",地铁沿线 多轨交汇 现房 人车分流,22000  元/平(均价),
越先生的街,底商,售罄,"['南沙 ', ' 金洲 ', ' 双山大道与祈丰路交汇处']",公交直达 近主干道 现房 人车分流,50000  元/平(均价),
万科桃源里,住宅,售罄,"['增城 ', ' 派潭镇 ', ' 派潭大道中与256省道交叉口西100米']",品牌房企 贴心物业 临近高速 现房,12000  元/平(均价),
成卓世纪中心,写字楼,售罄,"['南沙 ', ' 金洲 ', ' 进港大道和海滨路交界处']",现房 车位充足,23000  元/平(均价),
保利天悦叁悦广场,写字楼,售罄,"['海珠 ', ' 万胜围 ', ' 阅江路琶洲塔公园旁']",现房 娱乐丰富 运动健身 休闲广场,45000  元/平(均价),
侨建Hi·City,写字楼,售罄,"['海珠 ', ' 南洲 ', ' 南洲路158号（南洲地铁站旁）']",现房 美食云集 公园 景区,47000  元/平(均价),
保利世贸G座,写字楼,售罄,"['海珠 ', ' 琶洲 ', ' 新港东路1000号']",现房 车位充足 购物方便 娱乐丰富,31000  元/平(均价),
金茂湾,写字楼,售罄,"['南沙 ', ' 南沙区府 ', ' 凤凰大道外国语学院对面']",现房 购物方便 娱乐丰富 公园,20000  元/平(均价),
花都颐和山庄玥璟湾,住宅,售罄,"['花都 ', ' 狮岭镇 ', ' 梯面镇106国道颐和山庄']",现房 低密居所 天然氧吧,12000  元/平(均价),
碧桂园云顶,商业,售罄,"['增城 ', ' 凤凰城 ', ' 广园快速路新塘出口凤凰城西侧约1公里处']",品牌房企 贴心物业 车位充足 人车分流,52000  元/平(均价),
碧桂园东湖1号,商业,售罄,"['增城 ', ' 荔城增江 ', ' 增江街东湖西路1号']",品牌房企 贴心物业 公交直达 现房,13000  元/平(均价),
萝岗奥园广场,商业,售罄,"['黄埔 ', ' 香雪 ', ' 黄埔开创大道1950号']",品牌房企 地铁沿线 公交直达 现房,17500  元/平(均价),
富力东山新天地,底商,售罄,"['天河 ', ' 杨箕 ', ' 广州大道中345号']",品牌房企 自持商业 地铁沿线 公交直达,50000  元/平(均价),
阳光城丽景湾｜熙悦,住宅,售罄,"['南沙 ', ' 进港大道 ', ' 进港大道和环市大道交汇处']",品牌房企 贴心物业 近主干道 即将交房,20000  元/平(均价),
万科城市之光,底商,售罄,"['黄埔 ', ' 文冲 ', ' 黄埔东路733号']",地铁沿线 现房 娱乐丰富 运动健身,30000  元/平(均价),
黄埔万科中心,底商,售罄,"['黄埔 ', ' 文冲 ', ' 黄埔大道东黄埔客运站旁黄埔万科中心']",品牌房企 地铁沿线 近主干道 现房,28000  元/平(均价),
富力悦禧花园,底商,售罄,"['黄埔 ', ' 开发东区 ', ' 黄埔区广园快速路笔村立交旁（丹水坑风景旅游区北侧100米）']",现房 景区,30000  元/平(均价),
佳兆业城市广场,底商,售罄,"['黄埔 ', ' 沙村 ', ' 盛凯大街6号(开创大道与黄埔东路交汇处)']",贴心物业 地铁沿线 近主干道 现房,42000  元/平(均价),
时代紫林,住宅,售罄,"['花都 ', ' 狮岭镇 ', ' 芙蓉大道北16号']",品牌房企 贴心物业 现房 绿化率高,19000  元/平(均价),
方圆云山诗意三期,商业,售罄,"['增城 ', ' 荔城西区 ', ' 荔城大道与荔星大道交叉口']",现房 娱乐丰富 美食云集 景区,20000  元/平(均价),
阳光城丽景湾|星悦,住宅,售罄,"['南沙 ', ' 进港大道 ', ' 环市大道中与连溪大道交汇处']",品牌房企 健身跑道 近主干道 车位充足,19000  元/平(均价),
万科云城米酷,商业,售罄,"['天河 ', ' 高唐 ', ' 华观路与高唐路交汇处']",品牌房企 自持商业 多轨交汇 现房,价格待定,
万科尚城,底商,售罄,"['黄埔 ', ' 夏园 ', ' 黄埔东路与丹水坑路交界（南岗地铁站西侧1公里）']",地铁沿线 公交直达 现房 配套齐全,19000  元/平(均价),
万科白鹭郡,住宅,售罄,"['南沙 ', ' 黄阁 ', ' 黄阁大道南万科南方公元北侧600米']",品牌房企 科技住宅 近主干道 现房,28500  元/平(均价),
腾步大厦,住宅,售罄,"['花都 ', ' 旧区 ', ' 迎宾大道4号']",现房 小型社区 成熟商圈 配套齐全,17500  元/平(均价),
广州绿地城,写字楼,售罄,"['黄埔 ', ' 知识城 ', ' 中新知识城九龙大道广州绿地城']",地铁沿线 现房 公园 休闲广场,15000  元/平(均价),
保利东江首府,商业,售罄,"['增城 ', ' 新塘南 ', ' 新塘江府大道2号']",品牌房企 现房 车位充足 银行,9900  元/平(均价),
保利星海小镇,商业,售罄,"['南沙 ', ' 榄核镇 ', ' 榄核镇镇南路南侧']",品牌房企 贴心物业 现房 购物方便,23000  元/平(均价),
保利金融大都汇,写字楼,售罄,"['天河 ', ' 金融城 ', ' 黄埔大道中666号']",自持商业 近主干道 现房 人车分流,45000  元/平(均价),
南沙御顷轩,住宅,售罄,"['南沙 ', ' 万顷沙 ', ' 新垦育才路41号']",自持商业 近主干道 现房 小型社区,16000  元/平(均价),
阳光城丽景湾|星悦,商业,售罄,"['南沙 ', ' 进港大道 ', ' 环市大道中与连溪大道交汇处']",品牌房企 贴心物业 近主干道 车位充足,9800  元/平(均价),
阳光城丽景湾 | 澜悦,住宅,售罄,"['南沙 ', ' 进港大道 ', ' 环市大道中与市南大道北交汇处']",品牌房企 贴心物业 绿化率高 人车分流,20000  元/平(均价),
景新豪苑,商业,售罄,"['增城 ', ' 新塘北 ', ' 新塘镇汇美丰华东路东部交通枢纽旁']",近主干道 现房,125  万/套(总价),
奥园康威广场,商业,售罄,"['增城 ', ' 新塘北 ', ' 荔新大道12路33号']",贴心物业 近主干道 现房 菜市场,20000  元/平(均价),
广州绿地中央广场,写字楼,售罄,"['黄埔 ', ' 科学城 ', ' 科学大道112号']",自持商业 现房 购物方便 美食云集,20000  元/平(均价),
万科元培里,住宅,售罄,"['黄埔 ', ' 科学城 ', ' 永顺大道泰康之家以西300米']",低密居所 绿化率高 综合商场 运动健身,260  万/套(总价),
中国铁建增城国际花园商铺,商业,在售,"['增城 ', ' 朱村 ', ' 广州增城朱村大道西145号']",贴心物业 近主干道,26000  元/平(均价),
海珠半岛花园三期,住宅,在售,"['海珠 ', ' 滨江东 ', ' 滨江东路1-13号']",成熟商圈 江景,120000  元/平(均价),总价2600万/套
奥园誉湖湾,住宅,在售,"['花都 ', ' 镜湖大道 ', ' 三向东路']",湖景,30000  元/平(均价),总价315万/套
康大龙祥汇,住宅,在售,"['黄埔 ', ' 知识城 ', ' 中新知识城旺村地铁站旁']",复式 地铁沿线 公交直达 现房,27000  元/平(均价),总价310万/套
百花山庄,住宅,在售,"['增城 ', ' 荔城西区 ', ' 百花路88号']",低密居所 绿化率高 天然氧吧 湖景,25500  元/平(均价),总价219万/套
中海熙园,住宅,在售,"['南沙 ', ' 东涌 ', ' 东涌吉祥西路（文化广场旁）']",品牌房企 近主干道 绿化率高 人车分流,22500  元/平(均价),总价210万/套
保利国际金融中心,写字楼,在售,"['花都 ', ' 旧区 ', ' 三东大道以北、天贵路以西']",近主干道 车位充足 成熟商圈,22000  元/平(均价),
金众江悦府,住宅,在售,"['增城 ', ' 石滩镇 ', ' 建设东路金众江悦府']",复式 近主干道 临近高速 车位充足,15500  元/平(均价),总价158万/套
碧桂园泊岸,住宅,在售,"['花都 ', ' 狮岭镇 ', ' 狮岭大道东12号（祥和酒店旁）']",品牌房企 贴心物业 多轨交汇 小型社区,13800  元/平(均价),总价124万/套
海景慧源山庄,住宅,在售,"['天河 ', ' 岑村 ', ' 岑村公路与科韵路交叉口东50米（火炉山南侧）']",小户型 贴心物业 近主干道,53000  元/平(均价),总价276万/套
广州碧桂园·樾时光,住宅,在售,"['番禺 ', ' 南浦 ', ' 洛浦街浦华路606号']",品牌房企 低密居所 绿化率高 成熟商圈,37500  元/平(均价),总价370万/套
华远雲和墅,住宅,在售,"['白云 ', ' 东平 ', ' 白云大道北大一大街23号']",品牌房企 复式 低密居所,102500  元/平(均价),总价1568.25万/套
华润置地润悦,住宅,在售,"['增城 ', ' 荔城西区 ', ' 增城大道475号']",品牌房企 小户型 大型社区,19000  元/平(均价),总价160万/套
广地花园,住宅,在售,"['番禺 ', ' 星河湾 ', ' 广州番禺华快出口左侧']",小户型 贴心物业 临近高速 低密居所,39000  元/平(均价),总价320万/套
保利花城纪,住宅,在售,"['从化 ', ' 江浦街 ', ' 江浦镇灌村路']",品牌房企 小户型 近主干道 绿化率高,17000  元/平(均价),总价115万/套
侨雅苑(花都区),住宅,在售,"['花都 ', ' 花东镇 ', ' 花东镇侨雅苑']",中式建筑 近主干道 即将交房 绿化率高,12000  元/平(均价),总价142万/套
碧桂园朝花,商业,在售,"['荔湾 ', ' 鹤洞 ', ' 花地大道中（西塱地铁站D出口）']",品牌房企 贴心物业 成熟商圈,50000  元/平(均价),
中冶·逸璟台,住宅,在售,"['黄埔 ', ' 科学城 ', ' 永顺大道长岭路以北（长岭居小学西北侧300米）']",免费专车 品牌房企 复式 多轨交汇 近主干道,43500  元/平(均价),总价561万/套
中国中铁·诺德名著,住宅,在售,"['增城 ', ' 荔城西区 ', ' 荔城街明慧路12号']",品牌房企 近主干道 车位充足,20500  元/平(均价),总价235万/套
纵横缤城,住宅,在售,"['白云 ', ' 新市 ', ' 佳园街37-45号（单）']",小户型 绿化率高 成熟商圈,43500  元/平(均价),总价307万/套
时代绿庭山语,住宅,在售,"['南沙 ', ' 大岗镇 ', ' 大岗镇雅筑山语二街']",品牌房企 小户型 绿化率高,22000  元/平(均价),总价130万/套
越秀·天悦江湾,住宅,在售,"['海珠 ', ' 南洲 ', ' 南洲路1026号']",品牌房企 复式 车位充足,78000  元/平(均价),总价1000万/套
绿湖国际城,商业,在售,"['增城 ', ' 石滩镇 ', ' 挂绿新城石滩广场旁(地铁16号线石滩站)']",品牌房企 临近高速 现房,17000  元/平(均价),
时代天汇,住宅,在售,"['增城 ', ' 石滩镇 ', ' 石顺大道662号']",品牌房企 小户型 近主干道,15500  元/平(均价),总价130万/套
保利中海金地·大国璟,住宅,在售,"['增城 ', ' 荔城西区 ', ' 广汕公路逸翠庄园对面']",品牌房企 小户型 近主干道,20000  元/平(均价),总价160万/套
西关海,住宅,在售,"['荔湾 ', ' 南岸路 ', ' 南岸路23号（青年公园旁）']",健身跑道 休闲会所 近主干道 现房,68000  元/平(均价),总价1050万/套
源海仙村一号,商业,在售,"['增城 ', ' 石滩镇 ', ' 荔新大道与仙村大道交汇处']",水系园林 近主干道 车位充足 人车分流,20000  元/平(均价),
万科未来之丘,写字楼,在售,"['番禺 ', ' 市桥北 ', ' 东环街东星路90号']",品牌房企 贴心物业 近主干道 现房,45000  元/平(均价),
金时花园,商业,在售,"['增城 ', ' 荔城增江 ', ' 增江街纬六路5号']",近主干道 现房 车位充足,18000  元/平(均价),
万科金色里程,住宅,在售,"['增城 ', ' 朱村 ', ' 新塘东.济广高速与荔新公路交汇处']",品牌房企 小户型 近主干道,16000  元/平(均价),总价128万/套
金茂湾,商业,在售,"['南沙 ', ' 南沙区府 ', ' 凤凰大道外国语学院南侧300米']",贴心物业 多轨交汇 近主干道 现房,25000  元/平(均价),
越秀东坡,住宅,在售,"['南沙 ', ' 进港大道 ', ' 进港大道原南沙街道办事处旁']",品牌房企 复式 公交直达 近主干道,25500  元/平(均价),总价263万/套
景业东湖洲豪园,住宅,在售,"['南沙 ', ' 南沙湾 ', ' 环市大道南横地铁站A口西侧350米处']",品牌房企 自持商业 多轨交汇 近主干道,27500  元/平(均价),总价247万/套
振业天颂花园,住宅,在售,"['荔湾 ', ' 广钢新城 ', ' 芳村大道南以西鹤洞路旁']",儿童乐园 近主干道 现房 绿化率高,45000  元/平(均价),总价486万/套
珠光山水诚品,住宅,在售,"['从化 ', ' 江浦街 ', ' 江埔街江村地段']",贴心物业 健身跑道 现房 绿化率高,11500  元/平(均价),总价150万/套
天健汇,商业,在售,"['天河 ', ' 车陂 ', ' 车陂北路（天坤三路与健明四路交汇处）']",自持商业 现房,45000  元/平(均价),
保利花海湾,住宅,在售,"['荔湾 ', ' 茶滘 ', ' 百花路111号']",品牌房企 贴心物业 绿化率高 购物方便,41000  元/平(均价),总价352万/套
保利半岛,住宅,在售,"['南沙 ', ' 黄阁 ', ' 滨水大道左侧（南沙儿童公园对面）']",品牌房企 复式 多轨交汇 近主干道,34000  元/平(均价),总价350万/套
时代幸汇,住宅,在售,"['从化 ', ' 江浦街 ', ' 环市东路188号']",品牌房企 贴心物业 地铁沿线 多轨交汇,16500  元/平(均价),总价172万/套
绿地柏玥晶舍,住宅,在售,"['白云 ', ' 太和 ', ' 草塘路5号']",品牌房企 近主干道 大型社区,35000  元/平(均价),总价330万/套
中国铁建增城国际花园商铺,商业,在售,"['增城 ', ' 朱村 ', ' 广州增城朱村大道西145号']",贴心物业 近主干道,26000  元/平(均价),
海珠半岛花园三期,住宅,在售,"['海珠 ', ' 滨江东 ', ' 滨江东路1-13号']",成熟商圈 江景,120000  元/平(均价),总价2600万/套
奥园誉湖湾,住宅,在售,"['花都 ', ' 镜湖大道 ', ' 三向东路']",湖景,30000  元/平(均价),总价315万/套
康大龙祥汇,住宅,在售,"['黄埔 ', ' 知识城 ', ' 中新知识城旺村地铁站旁']",复式 地铁沿线 公交直达 现房,27000  元/平(均价),总价310万/套
百花山庄,住宅,在售,"['增城 ', ' 荔城西区 ', ' 百花路88号']",低密居所 绿化率高 天然氧吧 湖景,25500  元/平(均价),总价219万/套
中海熙园,住宅,在售,"['南沙 ', ' 东涌 ', ' 东涌吉祥西路（文化广场旁）']",品牌房企 近主干道 绿化率高 人车分流,22500  元/平(均价),总价210万/套
保利国际金融中心,写字楼,在售,"['花都 ', ' 旧区 ', ' 三东大道以北、天贵路以西']",近主干道 车位充足 成熟商圈,22000  元/平(均价),
金众江悦府,住宅,在售,"['增城 ', ' 石滩镇 ', ' 建设东路金众江悦府']",复式 近主干道 临近高速 车位充足,15500  元/平(均价),总价158万/套
碧桂园泊岸,住宅,在售,"['花都 ', ' 狮岭镇 ', ' 狮岭大道东12号（祥和酒店旁）']",品牌房企 贴心物业 多轨交汇 小型社区,13800  元/平(均价),总价124万/套
海景慧源山庄,住宅,在售,"['天河 ', ' 岑村 ', ' 岑村公路与科韵路交叉口东50米（火炉山南侧）']",小户型 贴心物业 近主干道,53000  元/平(均价),总价276万/套
广州碧桂园·樾时光,住宅,在售,"['番禺 ', ' 南浦 ', ' 洛浦街浦华路606号']",品牌房企 低密居所 绿化率高 成熟商圈,37500  元/平(均价),总价370万/套
华远雲和墅,住宅,在售,"['白云 ', ' 东平 ', ' 白云大道北大一大街23号']",品牌房企 复式 低密居所,102500  元/平(均价),总价1568.25万/套
华润置地润悦,住宅,在售,"['增城 ', ' 荔城西区 ', ' 增城大道475号']",品牌房企 小户型 大型社区,19000  元/平(均价),总价160万/套
广地花园,住宅,在售,"['番禺 ', ' 星河湾 ', ' 广州番禺华快出口左侧']",小户型 贴心物业 临近高速 低密居所,39000  元/平(均价),总价320万/套
保利花城纪,住宅,在售,"['从化 ', ' 江浦街 ', ' 江浦镇灌村路']",品牌房企 小户型 近主干道 绿化率高,17000  元/平(均价),总价115万/套
侨雅苑(花都区),住宅,在售,"['花都 ', ' 花东镇 ', ' 花东镇侨雅苑']",中式建筑 近主干道 即将交房 绿化率高,12000  元/平(均价),总价142万/套
碧桂园朝花,商业,在售,"['荔湾 ', ' 鹤洞 ', ' 花地大道中（西塱地铁站D出口）']",品牌房企 贴心物业 成熟商圈,50000  元/平(均价),
中冶·逸璟台,住宅,在售,"['黄埔 ', ' 科学城 ', ' 永顺大道长岭路以北（长岭居小学西北侧300米）']",免费专车 品牌房企 复式 多轨交汇 近主干道,43500  元/平(均价),总价561万/套
中国中铁·诺德名著,住宅,在售,"['增城 ', ' 荔城西区 ', ' 荔城街明慧路12号']",品牌房企 近主干道 车位充足,20500  元/平(均价),总价235万/套
纵横缤城,住宅,在售,"['白云 ', ' 新市 ', ' 佳园街37-45号（单）']",小户型 绿化率高 成熟商圈,43500  元/平(均价),总价307万/套
时代绿庭山语,住宅,在售,"['南沙 ', ' 大岗镇 ', ' 大岗镇雅筑山语二街']",品牌房企 小户型 绿化率高,22000  元/平(均价),总价130万/套
越秀·天悦江湾,住宅,在售,"['海珠 ', ' 南洲 ', ' 南洲路1026号']",品牌房企 复式 车位充足,78000  元/平(均价),总价1000万/套
绿湖国际城,商业,在售,"['增城 ', ' 石滩镇 ', ' 挂绿新城石滩广场旁(地铁16号线石滩站)']",品牌房企 临近高速 现房,17000  元/平(均价),
时代天汇,住宅,在售,"['增城 ', ' 石滩镇 ', ' 石顺大道662号']",品牌房企 小户型 近主干道,15500  元/平(均价),总价130万/套
保利中海金地·大国璟,住宅,在售,"['增城 ', ' 荔城西区 ', ' 广汕公路逸翠庄园对面']",品牌房企 小户型 近主干道,20000  元/平(均价),总价160万/套
西关海,住宅,在售,"['荔湾 ', ' 南岸路 ', ' 南岸路23号（青年公园旁）']",健身跑道 休闲会所 近主干道 现房,68000  元/平(均价),总价1050万/套
源海仙村一号,商业,在售,"['增城 ', ' 石滩镇 ', ' 荔新大道与仙村大道交汇处']",水系园林 近主干道 车位充足 人车分流,20000  元/平(均价),
万科未来之丘,写字楼,在售,"['番禺 ', ' 市桥北 ', ' 东环街东星路90号']",品牌房企 贴心物业 近主干道 现房,45000  元/平(均价),
金时花园,商业,在售,"['增城 ', ' 荔城增江 ', ' 增江街纬六路5号']",近主干道 现房 车位充足,18000  元/平(均价),
万科金色里程,住宅,在售,"['增城 ', ' 朱村 ', ' 新塘东.济广高速与荔新公路交汇处']",品牌房企 小户型 近主干道,16000  元/平(均价),总价128万/套
金茂湾,商业,在售,"['南沙 ', ' 南沙区府 ', ' 凤凰大道外国语学院南侧300米']",贴心物业 多轨交汇 近主干道 现房,25000  元/平(均价),
越秀东坡,住宅,在售,"['南沙 ', ' 进港大道 ', ' 进港大道原南沙街道办事处旁']",品牌房企 复式 公交直达 近主干道,25500  元/平(均价),总价263万/套
景业东湖洲豪园,住宅,在售,"['南沙 ', ' 南沙湾 ', ' 环市大道南横地铁站A口西侧350米处']",品牌房企 自持商业 多轨交汇 近主干道,27500  元/平(均价),总价247万/套
振业天颂花园,住宅,在售,"['荔湾 ', ' 广钢新城 ', ' 芳村大道南以西鹤洞路旁']",儿童乐园 近主干道 现房 绿化率高,45000  元/平(均价),总价486万/套
珠光山水诚品,住宅,在售,"['从化 ', ' 江浦街 ', ' 江埔街江村地段']",贴心物业 健身跑道 现房 绿化率高,11500  元/平(均价),总价150万/套
天健汇,商业,在售,"['天河 ', ' 车陂 ', ' 车陂北路（天坤三路与健明四路交汇处）']",自持商业 现房,45000  元/平(均价),
保利花海湾,住宅,在售,"['荔湾 ', ' 茶滘 ', ' 百花路111号']",品牌房企 贴心物业 绿化率高 购物方便,41000  元/平(均价),总价352万/套
保利半岛,住宅,在售,"['南沙 ', ' 黄阁 ', ' 滨水大道左侧（南沙儿童公园对面）']",品牌房企 复式 多轨交汇 近主干道,34000  元/平(均价),总价350万/套
时代幸汇,住宅,在售,"['从化 ', ' 江浦街 ', ' 环市东路188号']",品牌房企 贴心物业 地铁沿线 多轨交汇,16500  元/平(均价),总价172万/套
绿地柏玥晶舍,住宅,在售,"['白云 ', ' 太和 ', ' 草塘路5号']",品牌房企 近主干道 大型社区,35000  元/平(均价),总价330万/套
海珠半岛花园三期,住宅,在售,"['海珠 ', ' 滨江东 ', ' 滨江东路1-13号']",成熟商圈 江景,120000  元/平(均价),总价2600万/套
中国铁建增城国际花园商铺,商业,在售,"['增城 ', ' 朱村 ', ' 广州增城朱村大道西145号']",贴心物业 近主干道,26000  元/平(均价),
奥园誉湖湾,住宅,在售,"['花都 ', ' 镜湖大道 ', ' 三向东路']",湖景,30000  元/平(均价),总价315万/套
保利335金融中心,住宅,在售,"['增城 ', ' 凤凰城 ', ' 汽车城大道57号']",品牌房企 复式 车位充足 大型社区,33000  元/平(均价),总价400万/套
加富花园,住宅,在售,"['番禺 ', ' 石碁 ', ' 莲塘路3号']",小户型 近主干道 低密居所 小型社区,23500  元/平(均价),总价121万/套
星悦轩,住宅,在售,"['白云 ', ' 马务 ', ' 黄石西顺兴路31-35号']",小户型 小型社区 成熟商圈,39000  元/平(均价),总价300万/套
保利中海金地·大国璟,住宅,在售,"['增城 ', ' 荔城西区 ', ' 广汕公路逸翠庄园对面']",品牌房企 小户型 近主干道,20000  元/平(均价),总价160万/套
鹅潭湾,住宅,在售,"['荔湾 ', ' 滘口 ', ' 芳村大道西']",复式 休闲会所 近主干道 现房,50000  元/平(均价),总价874万/套
珠江帝景·紫龙府,住宅,在售,"['海珠 ', ' 滨江东 ', ' 广州塔东300米（艺洲路602号）']",现房 大型社区 江景,88000  元/平(均价),总价1654万/套
智杰雅筑,住宅,在售,"['从化 ', ' 河滨北路 ', ' 向阳路32号']",入户花园 现房 绿化率高,17000  元/平(均价),总价145万/套
尚轩103,住宅,在售,"['番禺 ', ' 大学城 ', ' 明志街8号']",现房 车位充足,62000  元/平(均价),总价1612万/套
爱群荟景湾,住宅,在售,"['越秀 ', ' 解放南 ', ' 沿江西路爱群荟景湾']",地铁沿线 近主干道 现房 车位充足,80000  元/平(均价),总价2380万/套
荔山雅筑,住宅,在售,"['从化 ', ' 神岗镇 ', ' 广从公路(105国道) 赤草地铁站旁400米']",品牌房企 开发区 近主干道,14000  元/平(均价),总价156万/套
新世界凯粤湾,住宅,在售,"['荔湾 ', ' 滘口 ', ' 芳村大道西236号']",小户型 近主干道 现房 大型社区,50000  元/平(均价),总价395万/套
珠江东境花园,住宅,在售,"['天河 ', ' 车陂 ', ' 科韵北路渔民新村旁']",复式 入户花园 现房 低密居所,97000  元/平(均价),总价2309万/套
富雅都市华庭,住宅,在售,"['增城 ', ' 新塘北 ', ' 汇太东路233号']",低总价 地铁沿线 现房 低密居所,18000  元/平(均价),总价180万/套
侨鑫汇悦台,住宅,在售,"['天河 ', ' 珠江新城东 ', ' 临江大道417-431号']",地铁沿线 公交直达 现房 车位充足,190000  元/平(均价),总价6614万/套
珠江壹城,住宅,在售,"['从化 ', ' 神岗镇 ', ' 从化105国道旁（东方夏湾拿对面约2.5公里）']",贴心物业 地铁沿线 近主干道 现房,17000  元/平(均价),总价150万/套
尚品雅居山语,住宅,在售,"['花都 ', ' 狮岭镇 ', ' 学府路15号']",入户花园 现房 绿化率高 银行,16000  元/平(均价),总价95万/套
南沙珠江湾,住宅,在售,"['南沙 ', ' 南沙湾 ', ' 环市大道漾滨路和海滨路交汇处']",地铁沿线 公交直达 现房 低密居所,23000  元/平(均价),总价355万/套
远东御江豪庭,住宅,在售,"['荔湾 ', ' 茶滘 ', ' 百花路58号（花地河畔）']",休闲会所 现房 小型社区 购物方便,40000  元/平(均价),总价348万/套
景业荔都,住宅,在售,"['从化 ', ' 江浦街 ', ' 大广高速公路南，宣星人家北面约600米']",养老房 现房 绿化率高,12000  元/平(均价),总价128万/套
祈福缤纷汇,住宅,在售,"['番禺 ', ' 祈福新村 ', ' 钟村街祈福新邨']",小户型 现房 绿化率高 购物方便,40000  元/平(均价),总价185万/套
祈福聚龙堡,住宅,在售,"['花都 ', ' 花山镇 ', ' 花山镇菊花石大道9号']",公交直达 近主干道 现房 成熟商圈,13000  元/平(均价),总价128万/套
广州融创文旅城,住宅,在售,"['花都 ', ' 花山镇 ', ' 平步大道东广州万达文化旅游城, 曙光路广州万达文化旅游城']",品牌房企 旅游地产 现房,26000  元/平(均价),总价229万/套
金融街花溪小镇,住宅,在售,"['花都 ', ' 花东镇 ', ' 花都大道东228号']",近主干道 现房 车位充足,14000  元/平(均价),总价143万/套
星河湾半岛四期,住宅,在售,"['番禺 ', ' 厦滘 ', ' 沙溪大道星河湾半岛（华南快速干线沙溪出口）']",贴心物业 休闲会所 近主干道 现房,86000  元/平(均价),总价2500万/套
自由人花园,住宅,在售,"['花都 ', ' 镜湖大道 ', ' 镜湖大道与广花路交界处']",健身跑道 现房 低密居所,25000  元/平(均价),总价270万/套
珠光御景山水城,住宅,在售,"['从化 ', ' 江浦街 ', ' 105国道九里步果场段珠光御景山水城']",贴心物业 入户花园 绿化率高 大型社区,14000  元/平(均价),总价161万/套
融穗华府,住宅,在售,"['荔湾 ', ' 广钢新城 ', ' 银沙路与开拓二横路交界处']",小户型 贴心物业 近主干道,52000  元/平(均价),总价388万/套
金茂湾,商业,在售,"['南沙 ', ' 南沙区府 ', ' 凤凰大道外国语学院南侧300米']",贴心物业 多轨交汇 近主干道 现房,25000  元/平(均价),
越秀东坡,住宅,在售,"['南沙 ', ' 进港大道 ', ' 进港大道原南沙街道办事处旁']",品牌房企 复式 公交直达 近主干道,25500  元/平(均价),总价263万/套
景业东湖洲豪园,住宅,在售,"['南沙 ', ' 南沙湾 ', ' 环市大道南横地铁站A口西侧350米处']",品牌房企 自持商业 多轨交汇 近主干道,27500  元/平(均价),总价247万/套
振业天颂花园,住宅,在售,"['荔湾 ', ' 广钢新城 ', ' 芳村大道南以西鹤洞路旁']",儿童乐园 近主干道 现房 绿化率高,45000  元/平(均价),总价486万/套
珠光山水诚品,住宅,在售,"['从化 ', ' 江浦街 ', ' 江埔街江村地段']",贴心物业 健身跑道 现房 绿化率高,11500  元/平(均价),总价150万/套
天健汇,商业,在售,"['天河 ', ' 车陂 ', ' 车陂北路（天坤三路与健明四路交汇处）']",自持商业 现房,45000  元/平(均价),
保利花海湾,住宅,在售,"['荔湾 ', ' 茶滘 ', ' 百花路111号']",品牌房企 贴心物业 绿化率高 购物方便,41000  元/平(均价),总价352万/套
保利半岛,住宅,在售,"['南沙 ', ' 黄阁 ', ' 滨水大道左侧（南沙儿童公园对面）']",品牌房企 复式 多轨交汇 近主干道,34000  元/平(均价),总价350万/套
时代幸汇,住宅,在售,"['从化 ', ' 江浦街 ', ' 环市东路188号']",品牌房企 贴心物业 地铁沿线 多轨交汇,16500  元/平(均价),总价172万/套
绿地柏玥晶舍,住宅,在售,"['白云 ', ' 太和 ', ' 草塘路5号']",品牌房企 近主干道 大型社区,35000  元/平(均价),总价330万/套
海珠半岛花园三期,住宅,在售,"['海珠 ', ' 滨江东 ', ' 滨江东路1-13号']",成熟商圈 江景,120000  元/平(均价),总价2600万/套
奥园誉湖湾,住宅,在售,"['花都 ', ' 镜湖大道 ', ' 三向东路']",湖景,30000  元/平(均价),总价315万/套
中国铁建增城国际花园商铺,商业,在售,"['增城 ', ' 朱村 ', ' 广州增城朱村大道西145号']",贴心物业 近主干道,26000  元/平(均价),
碧桂园朝花,商业,在售,"['荔湾 ', ' 鹤洞 ', ' 花地大道中（西塱地铁站D出口）']",品牌房企 贴心物业 成熟商圈,50000  元/平(均价),
绿湖国际城,商业,在售,"['增城 ', ' 石滩镇 ', ' 挂绿新城石滩广场旁(地铁16号线石滩站)']",品牌房企 临近高速 现房,17000  元/平(均价),
金时花园,商业,在售,"['增城 ', ' 荔城增江 ', ' 增江街纬六路5号']",近主干道 现房 车位充足,18000  元/平(均价),
朗云花园,住宅,在售,"['白云 ', ' 夏茅 ', ' 机场路3080号']",品牌房企 复式 多轨交汇 近主干道,47500  元/平(均价),总价450万/套
伟腾云星,住宅,在售,"['白云 ', ' 黄边 ', ' 鹤龙一路766-782号']",小户型 多轨交汇 车位充足 绿化率高,43500  元/平(均价),总价356万/套
保利335金融中心,住宅,在售,"['增城 ', ' 凤凰城 ', ' 汽车城大道57号']",品牌房企 复式 车位充足 大型社区,33000  元/平(均价),总价400万/套
中冶·逸璟台,住宅,在售,"['黄埔 ', ' 科学城 ', ' 永顺大道长岭路以北（长岭居小学西北侧300米）']",免费专车 品牌房企 复式 多轨交汇 近主干道,43500  元/平(均价),总价561万/套
金众江悦府,住宅,在售,"['增城 ', ' 石滩镇 ', ' 建设东路金众江悦府']",复式 近主干道 临近高速 车位充足,15500  元/平(均价),总价158万/套
碧桂园泊岸,住宅,在售,"['花都 ', ' 狮岭镇 ', ' 狮岭大道东12号（祥和酒店旁）']",品牌房企 贴心物业 多轨交汇 小型社区,13800  元/平(均价),总价124万/套
万科未来之丘,写字楼,在售,"['番禺 ', ' 市桥北 ', ' 东环街东星路90号']",品牌房企 贴心物业 近主干道 现房,45000  元/平(均价),
新力琥珀园,住宅,在售,"['花都 ', ' 铁路西 ', ' 荔红北路8号']",品牌房企 复式 多轨交汇 车位充足,20000  元/平(均价),总价200万/套
华发江南府,住宅,在售,"['海珠 ', ' 同福 ', ' 宝岗大道中不动产交易中心旁']",小型社区,58000  元/平(均价),总价790万/套
丰盛101,住宅,在售,"['增城 ', ' 新塘北 ', ' 荔新大道97号']",小户型 贴心物业 多轨交汇,25000  元/平(均价),总价170万/套
凯达尔枢纽国际广场,写字楼,在售,"['增城 ', ' 白江 ', ' 港口大道336号']",多轨交汇 车位充足,26000  元/平(均价),
海景慧源山庄,住宅,在售,"['天河 ', ' 岑村 ', ' 岑村公路与科韵路交叉口东50米（火炉山南侧）']",小户型 贴心物业 近主干道,53000  元/平(均价),总价276万/套
广州碧桂园·樾时光,住宅,在售,"['番禺 ', ' 南浦 ', ' 洛浦街浦华路606号']",品牌房企 低密居所 绿化率高 成熟商圈,37500  元/平(均价),总价370万/套
时代绿庭山语,住宅,在售,"['南沙 ', ' 大岗镇 ', ' 大岗镇雅筑山语二街']",品牌房企 小户型 绿化率高,22000  元/平(均价),总价130万/套
金科集美御峰,住宅,在售,"['南沙 ', ' 黄阁 ', ' 黄阁镇金瑞美秀二街4号']",品牌房企 贴心物业 开发区,22500  元/平(均价),总价200万/套
时代天汇,住宅,在售,"['增城 ', ' 石滩镇 ', ' 石顺大道662号']",品牌房企 小户型 近主干道,15500  元/平(均价),总价130万/套
荣升·珑樾,住宅,在售,"['白云 ', ' 同和 ', ' 广州大道北蟹石路2-38号(双号)']",小户型 多轨交汇 低密居所 小型社区,46000  元/平(均价),总价300万/套
碧桂园御湖城,住宅,在售,"['从化 ', ' 江浦街 ', ' 灌村路399号']",品牌房企 贴心物业 近主干道 现房,14000  元/平(均价),总价144万/套
时代倾城（中新）,住宅,在售,"['增城 ', ' 中新镇 ', ' 新墩路168号']",品牌房企 小户型 近主干道 大型社区,19500  元/平(均价),总价140万/套
广地花园,住宅,在售,"['番禺 ', ' 星河湾 ', ' 广州番禺华快出口左侧']",小户型 贴心物业 临近高速 低密居所,39000  元/平(均价),总价320万/套
方圆御府,住宅,在售,"['增城 ', ' 荔城西区 ', ' 荔城大道云山诗意3期飞扬东路154号']",贴心物业 车位充足 大型社区,24000  元/平(均价),总价321万/套
康大龙祥汇,住宅,在售,"['黄埔 ', ' 知识城 ', ' 中新知识城旺村地铁站旁']",复式 地铁沿线 公交直达 现房,27000  元/平(均价),总价310万/套
保利花城纪,住宅,在售,"['从化 ', ' 江浦街 ', ' 江浦镇灌村路']",品牌房企 小户型 近主干道 绿化率高,17000  元/平(均价),总价115万/套
纵横缤城,住宅,在售,"['白云 ', ' 新市 ', ' 佳园街37-45号（单）']",小户型 绿化率高 成熟商圈,43500  元/平(均价),总价307万/套
金茂湾,商业,在售,"['南沙 ', ' 南沙区府 ', ' 凤凰大道外国语学院南侧300米']",贴心物业 多轨交汇 近主干道 现房,25000  元/平(均价),
越秀东坡,住宅,在售,"['南沙 ', ' 进港大道 ', ' 进港大道原南沙街道办事处旁']",品牌房企 复式 公交直达 近主干道,25500  元/平(均价),总价263万/套
景业东湖洲豪园,住宅,在售,"['南沙 ', ' 南沙湾 ', ' 环市大道南横地铁站A口西侧350米处']",品牌房企 自持商业 多轨交汇 近主干道,27500  元/平(均价),总价247万/套
振业天颂花园,住宅,在售,"['荔湾 ', ' 广钢新城 ', ' 芳村大道南以西鹤洞路旁']",儿童乐园 近主干道 现房 绿化率高,45000  元/平(均价),总价486万/套
珠光山水诚品,住宅,在售,"['从化 ', ' 江浦街 ', ' 江埔街江村地段']",贴心物业 健身跑道 现房 绿化率高,11500  元/平(均价),总价150万/套
天健汇,商业,在售,"['天河 ', ' 车陂 ', ' 车陂北路（天坤三路与健明四路交汇处）']",自持商业 现房,45000  元/平(均价),
保利花海湾,住宅,在售,"['荔湾 ', ' 茶滘 ', ' 百花路111号']",品牌房企 贴心物业 绿化率高 购物方便,41000  元/平(均价),总价352万/套
保利半岛,住宅,在售,"['南沙 ', ' 黄阁 ', ' 滨水大道左侧（南沙儿童公园对面）']",品牌房企 复式 多轨交汇 近主干道,34000  元/平(均价),总价350万/套
时代幸汇,住宅,在售,"['从化 ', ' 江浦街 ', ' 环市东路188号']",品牌房企 贴心物业 地铁沿线 多轨交汇,16500  元/平(均价),总价172万/套
绿地柏玥晶舍,住宅,在售,"['白云 ', ' 太和 ', ' 草塘路5号']",品牌房企 近主干道 大型社区,35000  元/平(均价),总价330万/套
金茂湾,商业,在售,"['南沙 ', ' 南沙区府 ', ' 凤凰大道外国语学院南侧300米']",贴心物业 多轨交汇 近主干道 现房,25000  元/平(均价),
越秀东坡,住宅,在售,"['南沙 ', ' 进港大道 ', ' 进港大道原南沙街道办事处旁']",品牌房企 复式 公交直达 近主干道,25500  元/平(均价),总价263万/套
景业东湖洲豪园,住宅,在售,"['南沙 ', ' 南沙湾 ', ' 环市大道南横地铁站A口西侧350米处']",品牌房企 自持商业 多轨交汇 近主干道,27500  元/平(均价),总价247万/套
振业天颂花园,住宅,在售,"['荔湾 ', ' 广钢新城 ', ' 芳村大道南以西鹤洞路旁']",儿童乐园 近主干道 现房 绿化率高,45000  元/平(均价),总价486万/套
珠光山水诚品,住宅,在售,"['从化 ', ' 江浦街 ', ' 江埔街江村地段']",贴心物业 健身跑道 现房 绿化率高,11500  元/平(均价),总价150万/套
天健汇,商业,在售,"['天河 ', ' 车陂 ', ' 车陂北路（天坤三路与健明四路交汇处）']",自持商业 现房,45000  元/平(均价),
保利花海湾,住宅,在售,"['荔湾 ', ' 茶滘 ', ' 百花路111号']",品牌房企 贴心物业 绿化率高 购物方便,41000  元/平(均价),总价352万/套
保利半岛,住宅,在售,"['南沙 ', ' 黄阁 ', ' 滨水大道左侧（南沙儿童公园对面）']",品牌房企 复式 多轨交汇 近主干道,34000  元/平(均价),总价350万/套
时代幸汇,住宅,在售,"['从化 ', ' 江浦街 ', ' 环市东路188号']",品牌房企 贴心物业 地铁沿线 多轨交汇,16500  元/平(均价),总价172万/套
绿地柏玥晶舍,住宅,在售,"['白云 ', ' 太和 ', ' 草塘路5号']",品牌房企 近主干道 大型社区,35000  元/平(均价),总价330万/套
金茂湾,商业,在售,"['南沙 ', ' 南沙区府 ', ' 凤凰大道外国语学院南侧300米']",贴心物业 多轨交汇 近主干道 现房,25000  元/平(均价),
越秀东坡,住宅,在售,"['南沙 ', ' 进港大道 ', ' 进港大道原南沙街道办事处旁']",品牌房企 复式 公交直达 近主干道,25500  元/平(均价),总价263万/套
景业东湖洲豪园,住宅,在售,"['南沙 ', ' 南沙湾 ', ' 环市大道南横地铁站A口西侧350米处']",品牌房企 自持商业 多轨交汇 近主干道,27500  元/平(均价),总价247万/套
振业天颂花园,住宅,在售,"['荔湾 ', ' 广钢新城 ', ' 芳村大道南以西鹤洞路旁']",儿童乐园 近主干道 现房 绿化率高,45000  元/平(均价),总价486万/套
珠光山水诚品,住宅,在售,"['从化 ', ' 江浦街 ', ' 江埔街江村地段']",贴心物业 健身跑道 现房 绿化率高,11500  元/平(均价),总价150万/套
天健汇,商业,在售,"['天河 ', ' 车陂 ', ' 车陂北路（天坤三路与健明四路交汇处）']",自持商业 现房,45000  元/平(均价),
保利花海湾,住宅,在售,"['荔湾 ', ' 茶滘 ', ' 百花路111号']",品牌房企 贴心物业 绿化率高 购物方便,41000  元/平(均价),总价352万/套
保利半岛,住宅,在售,"['南沙 ', ' 黄阁 ', ' 滨水大道左侧（南沙儿童公园对面）']",品牌房企 复式 多轨交汇 近主干道,34000  元/平(均价),总价350万/套
时代幸汇,住宅,在售,"['从化 ', ' 江浦街 ', ' 环市东路188号']",品牌房企 贴心物业 地铁沿线 多轨交汇,16500  元/平(均价),总价172万/套
绿地柏玥晶舍,住宅,在售,"['白云 ', ' 太和 ', ' 草塘路5号']",品牌房企 近主干道 大型社区,35000  元/平(均价),总价330万/套
金茂湾,商业,在售,"['南沙 ', ' 南沙区府 ', ' 凤凰大道外国语学院南侧300米']",贴心物业 多轨交汇 近主干道 现房,25000  元/平(均价),
越秀东坡,住宅,在售,"['南沙 ', ' 进港大道 ', ' 进港大道原南沙街道办事处旁']",品牌房企 复式 公交直达 近主干道,25500  元/平(均价),总价263万/套
景业东湖洲豪园,住宅,在售,"['南沙 ', ' 南沙湾 ', ' 环市大道南横地铁站A口西侧350米处']",品牌房企 自持商业 多轨交汇 近主干道,27500  元/平(均价),总价247万/套
振业天颂花园,住宅,在售,"['荔湾 ', ' 广钢新城 ', ' 芳村大道南以西鹤洞路旁']",儿童乐园 近主干道 现房 绿化率高,45000  元/平(均价),总价486万/套
珠光山水诚品,住宅,在售,"['从化 ', ' 江浦街 ', ' 江埔街江村地段']",贴心物业 健身跑道 现房 绿化率高,11500  元/平(均价),总价150万/套
天健汇,商业,在售,"['天河 ', ' 车陂 ', ' 车陂北路（天坤三路与健明四路交汇处）']",自持商业 现房,45000  元/平(均价),
保利花海湾,住宅,在售,"['荔湾 ', ' 茶滘 ', ' 百花路111号']",品牌房企 贴心物业 绿化率高 购物方便,41000  元/平(均价),总价352万/套
保利半岛,住宅,在售,"['南沙 ', ' 黄阁 ', ' 滨水大道左侧（南沙儿童公园对面）']",品牌房企 复式 多轨交汇 近主干道,34000  元/平(均价),总价350万/套
时代幸汇,住宅,在售,"['从化 ', ' 江浦街 ', ' 环市东路188号']",品牌房企 贴心物业 地铁沿线 多轨交汇,16500  元/平(均价),总价172万/套
绿地柏玥晶舍,住宅,在售,"['白云 ', ' 太和 ', ' 草塘路5号']",品牌房企 近主干道 大型社区,35000  元/平(均价),总价330万/套
金茂湾,商业,在售,"['南沙 ', ' 南沙区府 ', ' 凤凰大道外国语学院南侧300米']",贴心物业 多轨交汇 近主干道 现房,25000  元/平(均价),
越秀东坡,住宅,在售,"['南沙 ', ' 进港大道 ', ' 进港大道原南沙街道办事处旁']",品牌房企 复式 公交直达 近主干道,25500  元/平(均价),总价263万/套
景业东湖洲豪园,住宅,在售,"['南沙 ', ' 南沙湾 ', ' 环市大道南横地铁站A口西侧350米处']",品牌房企 自持商业 多轨交汇 近主干道,27500  元/平(均价),总价247万/套
振业天颂花园,住宅,在售,"['荔湾 ', ' 广钢新城 ', ' 芳村大道南以西鹤洞路旁']",儿童乐园 近主干道 现房 绿化率高,45000  元/平(均价),总价486万/套
珠光山水诚品,住宅,在售,"['从化 ', ' 江浦街 ', ' 江埔街江村地段']",贴心物业 健身跑道 现房 绿化率高,11500  元/平(均价),总价150万/套
天健汇,商业,在售,"['天河 ', ' 车陂 ', ' 车陂北路（天坤三路与健明四路交汇处）']",自持商业 现房,45000  元/平(均价),
保利花海湾,住宅,在售,"['荔湾 ', ' 茶滘 ', ' 百花路111号']",品牌房企 贴心物业 绿化率高 购物方便,41000  元/平(均价),总价352万/套
保利半岛,住宅,在售,"['南沙 ', ' 黄阁 ', ' 滨水大道左侧（南沙儿童公园对面）']",品牌房企 复式 多轨交汇 近主干道,34000  元/平(均价),总价350万/套
时代幸汇,住宅,在售,"['从化 ', ' 江浦街 ', ' 环市东路188号']",品牌房企 贴心物业 地铁沿线 多轨交汇,16500  元/平(均价),总价172万/套
绿地柏玥晶舍,住宅,在售,"['白云 ', ' 太和 ', ' 草塘路5号']",品牌房企 近主干道 大型社区,35000  元/平(均价),总价330万/套
金茂湾,商业,在售,"['南沙 ', ' 南沙区府 ', ' 凤凰大道外国语学院南侧300米']",贴心物业 多轨交汇 近主干道 现房,25000  元/平(均价),
越秀东坡,住宅,在售,"['南沙 ', ' 进港大道 ', ' 进港大道原南沙街道办事处旁']",品牌房企 复式 公交直达 近主干道,25500  元/平(均价),总价263万/套
景业东湖洲豪园,住宅,在售,"['南沙 ', ' 南沙湾 ', ' 环市大道南横地铁站A口西侧350米处']",品牌房企 自持商业 多轨交汇 近主干道,27500  元/平(均价),总价247万/套
振业天颂花园,住宅,在售,"['荔湾 ', ' 广钢新城 ', ' 芳村大道南以西鹤洞路旁']",儿童乐园 近主干道 现房 绿化率高,45000  元/平(均价),总价486万/套
珠光山水诚品,住宅,在售,"['从化 ', ' 江浦街 ', ' 江埔街江村地段']",贴心物业 健身跑道 现房 绿化率高,11500  元/平(均价),总价150万/套
天健汇,商业,在售,"['天河 ', ' 车陂 ', ' 车陂北路（天坤三路与健明四路交汇处）']",自持商业 现房,45000  元/平(均价),
保利花海湾,住宅,在售,"['荔湾 ', ' 茶滘 ', ' 百花路111号']",品牌房企 贴心物业 绿化率高 购物方便,41000  元/平(均价),总价352万/套
保利半岛,住宅,在售,"['南沙 ', ' 黄阁 ', ' 滨水大道左侧（南沙儿童公园对面）']",品牌房企 复式 多轨交汇 近主干道,34000  元/平(均价),总价350万/套
时代幸汇,住宅,在售,"['从化 ', ' 江浦街 ', ' 环市东路188号']",品牌房企 贴心物业 地铁沿线 多轨交汇,16500  元/平(均价),总价172万/套
绿地柏玥晶舍,住宅,在售,"['白云 ', ' 太和 ', ' 草塘路5号']",品牌房企 近主干道 大型社区,35000  元/平(均价),总价330万/套
金茂湾,商业,在售,"['南沙 ', ' 南沙区府 ', ' 凤凰大道外国语学院南侧300米']",贴心物业 多轨交汇 近主干道 现房,25000  元/平(均价),
越秀东坡,住宅,在售,"['南沙 ', ' 进港大道 ', ' 进港大道原南沙街道办事处旁']",品牌房企 复式 公交直达 近主干道,25500  元/平(均价),总价263万/套
景业东湖洲豪园,住宅,在售,"['南沙 ', ' 南沙湾 ', ' 环市大道南横地铁站A口西侧350米处']",品牌房企 自持商业 多轨交汇 近主干道,27500  元/平(均价),总价247万/套
振业天颂花园,住宅,在售,"['荔湾 ', ' 广钢新城 ', ' 芳村大道南以西鹤洞路旁']",儿童乐园 近主干道 现房 绿化率高,45000  元/平(均价),总价486万/套
珠光山水诚品,住宅,在售,"['从化 ', ' 江浦街 ', ' 江埔街江村地段']",贴心物业 健身跑道 现房 绿化率高,11500  元/平(均价),总价150万/套
天健汇,商业,在售,"['天河 ', ' 车陂 ', ' 车陂北路（天坤三路与健明四路交汇处）']",自持商业 现房,45000  元/平(均价),
保利花海湾,住宅,在售,"['荔湾 ', ' 茶滘 ', ' 百花路111号']",品牌房企 贴心物业 绿化率高 购物方便,41000  元/平(均价),总价352万/套
保利半岛,住宅,在售,"['南沙 ', ' 黄阁 ', ' 滨水大道左侧（南沙儿童公园对面）']",品牌房企 复式 多轨交汇 近主干道,34000  元/平(均价),总价350万/套
时代幸汇,住宅,在售,"['从化 ', ' 江浦街 ', ' 环市东路188号']",品牌房企 贴心物业 地铁沿线 多轨交汇,16500  元/平(均价),总价172万/套
绿地柏玥晶舍,住宅,在售,"['白云 ', ' 太和 ', ' 草塘路5号']",品牌房企 近主干道 大型社区,35000  元/平(均价),总价330万/套
金茂湾,商业,在售,"['南沙 ', ' 南沙区府 ', ' 凤凰大道外国语学院南侧300米']",贴心物业 多轨交汇 近主干道 现房,25000  元/平(均价),
越秀东坡,住宅,在售,"['南沙 ', ' 进港大道 ', ' 进港大道原南沙街道办事处旁']",品牌房企 复式 公交直达 近主干道,25500  元/平(均价),总价263万/套
景业东湖洲豪园,住宅,在售,"['南沙 ', ' 南沙湾 ', ' 环市大道南横地铁站A口西侧350米处']",品牌房企 自持商业 多轨交汇 近主干道,27500  元/平(均价),总价247万/套
振业天颂花园,住宅,在售,"['荔湾 ', ' 广钢新城 ', ' 芳村大道南以西鹤洞路旁']",儿童乐园 近主干道 现房 绿化率高,45000  元/平(均价),总价486万/套
珠光山水诚品,住宅,在售,"['从化 ', ' 江浦街 ', ' 江埔街江村地段']",贴心物业 健身跑道 现房 绿化率高,11500  元/平(均价),总价150万/套
天健汇,商业,在售,"['天河 ', ' 车陂 ', ' 车陂北路（天坤三路与健明四路交汇处）']",自持商业 现房,45000  元/平(均价),
保利花海湾,住宅,在售,"['荔湾 ', ' 茶滘 ', ' 百花路111号']",品牌房企 贴心物业 绿化率高 购物方便,41000  元/平(均价),总价352万/套
保利半岛,住宅,在售,"['南沙 ', ' 黄阁 ', ' 滨水大道左侧（南沙儿童公园对面）']",品牌房企 复式 多轨交汇 近主干道,34000  元/平(均价),总价350万/套
时代幸汇,住宅,在售,"['从化 ', ' 江浦街 ', ' 环市东路188号']",品牌房企 贴心物业 地铁沿线 多轨交汇,16500  元/平(均价),总价172万/套
绿地柏玥晶舍,住宅,在售,"['白云 ', ' 太和 ', ' 草塘路5号']",品牌房企 近主干道 大型社区,35000  元/平(均价),总价330万/套
金茂湾,商业,在售,"['南沙 ', ' 南沙区府 ', ' 凤凰大道外国语学院南侧300米']",贴心物业 多轨交汇 近主干道 现房,25000  元/平(均价),
越秀东坡,住宅,在售,"['南沙 ', ' 进港大道 ', ' 进港大道原南沙街道办事处旁']",品牌房企 复式 公交直达 近主干道,25500  元/平(均价),总价263万/套
景业东湖洲豪园,住宅,在售,"['南沙 ', ' 南沙湾 ', ' 环市大道南横地铁站A口西侧350米处']",品牌房企 自持商业 多轨交汇 近主干道,27500  元/平(均价),总价247万/套
振业天颂花园,住宅,在售,"['荔湾 ', ' 广钢新城 ', ' 芳村大道南以西鹤洞路旁']",儿童乐园 近主干道 现房 绿化率高,45000  元/平(均价),总价486万/套
珠光山水诚品,住宅,在售,"['从化 ', ' 江浦街 ', ' 江埔街江村地段']",贴心物业 健身跑道 现房 绿化率高,11500  元/平(均价),总价150万/套
天健汇,商业,在售,"['天河 ', ' 车陂 ', ' 车陂北路（天坤三路与健明四路交汇处）']",自持商业 现房,45000  元/平(均价),
保利花海湾,住宅,在售,"['荔湾 ', ' 茶滘 ', ' 百花路111号']",品牌房企 贴心物业 绿化率高 购物方便,41000  元/平(均价),总价352万/套
保利半岛,住宅,在售,"['南沙 ', ' 黄阁 ', ' 滨水大道左侧（南沙儿童公园对面）']",品牌房企 复式 多轨交汇 近主干道,34000  元/平(均价),总价350万/套
时代幸汇,住宅,在售,"['从化 ', ' 江浦街 ', ' 环市东路188号']",品牌房企 贴心物业 地铁沿线 多轨交汇,16500  元/平(均价),总价172万/套
绿地柏玥晶舍,住宅,在售,"['白云 ', ' 太和 ', ' 草塘路5号']",品牌房企 近主干道 大型社区,35000  元/平(均价),总价330万/套
金茂湾,商业,在售,"['南沙 ', ' 南沙区府 ', ' 凤凰大道外国语学院南侧300米']",贴心物业 多轨交汇 近主干道 现房,25000  元/平(均价),
越秀东坡,住宅,在售,"['南沙 ', ' 进港大道 ', ' 进港大道原南沙街道办事处旁']",品牌房企 复式 公交直达 近主干道,25500  元/平(均价),总价263万/套
景业东湖洲豪园,住宅,在售,"['南沙 ', ' 南沙湾 ', ' 环市大道南横地铁站A口西侧350米处']",品牌房企 自持商业 多轨交汇 近主干道,27500  元/平(均价),总价247万/套
振业天颂花园,住宅,在售,"['荔湾 ', ' 广钢新城 ', ' 芳村大道南以西鹤洞路旁']",儿童乐园 近主干道 现房 绿化率高,45000  元/平(均价),总价486万/套
珠光山水诚品,住宅,在售,"['从化 ', ' 江浦街 ', ' 江埔街江村地段']",贴心物业 健身跑道 现房 绿化率高,11500  元/平(均价),总价150万/套
天健汇,商业,在售,"['天河 ', ' 车陂 ', ' 车陂北路（天坤三路与健明四路交汇处）']",自持商业 现房,45000  元/平(均价),
保利花海湾,住宅,在售,"['荔湾 ', ' 茶滘 ', ' 百花路111号']",品牌房企 贴心物业 绿化率高 购物方便,41000  元/平(均价),总价352万/套
保利半岛,住宅,在售,"['南沙 ', ' 黄阁 ', ' 滨水大道左侧（南沙儿童公园对面）']",品牌房企 复式 多轨交汇 近主干道,34000  元/平(均价),总价350万/套
时代幸汇,住宅,在售,"['从化 ', ' 江浦街 ', ' 环市东路188号']",品牌房企 贴心物业 地铁沿线 多轨交汇,16500  元/平(均价),总价172万/套
绿地柏玥晶舍,住宅,在售,"['白云 ', ' 太和 ', ' 草塘路5号']",品牌房企 近主干道 大型社区,35000  元/平(均价),总价330万/套
金茂湾,商业,在售,"['南沙 ', ' 南沙区府 ', ' 凤凰大道外国语学院南侧300米']",贴心物业 多轨交汇 近主干道 现房,25000  元/平(均价),
越秀东坡,住宅,在售,"['南沙 ', ' 进港大道 ', ' 进港大道原南沙街道办事处旁']",品牌房企 复式 公交直达 近主干道,25500  元/平(均价),总价263万/套
景业东湖洲豪园,住宅,在售,"['南沙 ', ' 南沙湾 ', ' 环市大道南横地铁站A口西侧350米处']",品牌房企 自持商业 多轨交汇 近主干道,27500  元/平(均价),总价247万/套
振业天颂花园,住宅,在售,"['荔湾 ', ' 广钢新城 ', ' 芳村大道南以西鹤洞路旁']",儿童乐园 近主干道 现房 绿化率高,45000  元/平(均价),总价486万/套
珠光山水诚品,住宅,在售,"['从化 ', ' 江浦街 ', ' 江埔街江村地段']",贴心物业 健身跑道 现房 绿化率高,11500  元/平(均价),总价150万/套
天健汇,商业,在售,"['天河 ', ' 车陂 ', ' 车陂北路（天坤三路与健明四路交汇处）']",自持商业 现房,45000  元/平(均价),
保利花海湾,住宅,在售,"['荔湾 ', ' 茶滘 ', ' 百花路111号']",品牌房企 贴心物业 绿化率高 购物方便,41000  元/平(均价),总价352万/套
保利半岛,住宅,在售,"['南沙 ', ' 黄阁 ', ' 滨水大道左侧（南沙儿童公园对面）']",品牌房企 复式 多轨交汇 近主干道,34000  元/平(均价),总价350万/套
时代幸汇,住宅,在售,"['从化 ', ' 江浦街 ', ' 环市东路188号']",品牌房企 贴心物业 地铁沿线 多轨交汇,16500  元/平(均价),总价172万/套
绿地柏玥晶舍,住宅,在售,"['白云 ', ' 太和 ', ' 草塘路5号']",品牌房企 近主干道 大型社区,35000  元/平(均价),总价330万/套
金茂湾,商业,在售,"['南沙 ', ' 南沙区府 ', ' 凤凰大道外国语学院南侧300米']",贴心物业 多轨交汇 近主干道 现房,25000  元/平(均价),
越秀东坡,住宅,在售,"['南沙 ', ' 进港大道 ', ' 进港大道原南沙街道办事处旁']",品牌房企 复式 公交直达 近主干道,25500  元/平(均价),总价263万/套
景业东湖洲豪园,住宅,在售,"['南沙 ', ' 南沙湾 ', ' 环市大道南横地铁站A口西侧350米处']",品牌房企 自持商业 多轨交汇 近主干道,27500  元/平(均价),总价247万/套
振业天颂花园,住宅,在售,"['荔湾 ', ' 广钢新城 ', ' 芳村大道南以西鹤洞路旁']",儿童乐园 近主干道 现房 绿化率高,45000  元/平(均价),总价486万/套
珠光山水诚品,住宅,在售,"['从化 ', ' 江浦街 ', ' 江埔街江村地段']",贴心物业 健身跑道 现房 绿化率高,11500  元/平(均价),总价150万/套
天健汇,商业,在售,"['天河 ', ' 车陂 ', ' 车陂北路（天坤三路与健明四路交汇处）']",自持商业 现房,45000  元/平(均价),
保利花海湾,住宅,在售,"['荔湾 ', ' 茶滘 ', ' 百花路111号']",品牌房企 贴心物业 绿化率高 购物方便,41000  元/平(均价),总价352万/套
保利半岛,住宅,在售,"['南沙 ', ' 黄阁 ', ' 滨水大道左侧（南沙儿童公园对面）']",品牌房企 复式 多轨交汇 近主干道,34000  元/平(均价),总价350万/套
时代幸汇,住宅,在售,"['从化 ', ' 江浦街 ', ' 环市东路188号']",品牌房企 贴心物业 地铁沿线 多轨交汇,16500  元/平(均价),总价172万/套
绿地柏玥晶舍,住宅,在售,"['白云 ', ' 太和 ', ' 草塘路5号']",品牌房企 近主干道 大型社区,35000  元/平(均价),总价330万/套
金茂湾,商业,在售,"['南沙 ', ' 南沙区府 ', ' 凤凰大道外国语学院南侧300米']",贴心物业 多轨交汇 近主干道 现房,25000  元/平(均价),
越秀东坡,住宅,在售,"['南沙 ', ' 进港大道 ', ' 进港大道原南沙街道办事处旁']",品牌房企 复式 公交直达 近主干道,25500  元/平(均价),总价263万/套
景业东湖洲豪园,住宅,在售,"['南沙 ', ' 南沙湾 ', ' 环市大道南横地铁站A口西侧350米处']",品牌房企 自持商业 多轨交汇 近主干道,27500  元/平(均价),总价247万/套
振业天颂花园,住宅,在售,"['荔湾 ', ' 广钢新城 ', ' 芳村大道南以西鹤洞路旁']",儿童乐园 近主干道 现房 绿化率高,45000  元/平(均价),总价486万/套
珠光山水诚品,住宅,在售,"['从化 ', ' 江浦街 ', ' 江埔街江村地段']",贴心物业 健身跑道 现房 绿化率高,11500  元/平(均价),总价150万/套
天健汇,商业,在售,"['天河 ', ' 车陂 ', ' 车陂北路（天坤三路与健明四路交汇处）']",自持商业 现房,45000  元/平(均价),
保利花海湾,住宅,在售,"['荔湾 ', ' 茶滘 ', ' 百花路111号']",品牌房企 贴心物业 绿化率高 购物方便,41000  元/平(均价),总价352万/套
保利半岛,住宅,在售,"['南沙 ', ' 黄阁 ', ' 滨水大道左侧（南沙儿童公园对面）']",品牌房企 复式 多轨交汇 近主干道,34000  元/平(均价),总价350万/套
时代幸汇,住宅,在售,"['从化 ', ' 江浦街 ', ' 环市东路188号']",品牌房企 贴心物业 地铁沿线 多轨交汇,16500  元/平(均价),总价172万/套
绿地柏玥晶舍,住宅,在售,"['白云 ', ' 太和 ', ' 草塘路5号']",品牌房企 近主干道 大型社区,35000  元/平(均价),总价330万/套
金茂湾,商业,在售,"['南沙 ', ' 南沙区府 ', ' 凤凰大道外国语学院南侧300米']",贴心物业 多轨交汇 近主干道 现房,25000  元/平(均价),
越秀东坡,住宅,在售,"['南沙 ', ' 进港大道 ', ' 进港大道原南沙街道办事处旁']",品牌房企 复式 公交直达 近主干道,25500  元/平(均价),总价263万/套
景业东湖洲豪园,住宅,在售,"['南沙 ', ' 南沙湾 ', ' 环市大道南横地铁站A口西侧350米处']",品牌房企 自持商业 多轨交汇 近主干道,27500  元/平(均价),总价247万/套
振业天颂花园,住宅,在售,"['荔湾 ', ' 广钢新城 ', ' 芳村大道南以西鹤洞路旁']",儿童乐园 近主干道 现房 绿化率高,45000  元/平(均价),总价486万/套
珠光山水诚品,住宅,在售,"['从化 ', ' 江浦街 ', ' 江埔街江村地段']",贴心物业 健身跑道 现房 绿化率高,11500  元/平(均价),总价150万/套
天健汇,商业,在售,"['天河 ', ' 车陂 ', ' 车陂北路（天坤三路与健明四路交汇处）']",自持商业 现房,45000  元/平(均价),
保利花海湾,住宅,在售,"['荔湾 ', ' 茶滘 ', ' 百花路111号']",品牌房企 贴心物业 绿化率高 购物方便,41000  元/平(均价),总价352万/套
保利半岛,住宅,在售,"['南沙 ', ' 黄阁 ', ' 滨水大道左侧（南沙儿童公园对面）']",品牌房企 复式 多轨交汇 近主干道,34000  元/平(均价),总价350万/套
时代幸汇,住宅,在售,"['从化 ', ' 江浦街 ', ' 环市东路188号']",品牌房企 贴心物业 地铁沿线 多轨交汇,16500  元/平(均价),总价172万/套
绿地柏玥晶舍,住宅,在售,"['白云 ', ' 太和 ', ' 草塘路5号']",品牌房企 近主干道 大型社区,35000  元/平(均价),总价330万/套
金茂湾,商业,在售,"['南沙 ', ' 南沙区府 ', ' 凤凰大道外国语学院南侧300米']",贴心物业 多轨交汇 近主干道 现房,25000  元/平(均价),
越秀东坡,住宅,在售,"['南沙 ', ' 进港大道 ', ' 进港大道原南沙街道办事处旁']",品牌房企 复式 公交直达 近主干道,25500  元/平(均价),总价263万/套
景业东湖洲豪园,住宅,在售,"['南沙 ', ' 南沙湾 ', ' 环市大道南横地铁站A口西侧350米处']",品牌房企 自持商业 多轨交汇 近主干道,27500  元/平(均价),总价247万/套
振业天颂花园,住宅,在售,"['荔湾 ', ' 广钢新城 ', ' 芳村大道南以西鹤洞路旁']",儿童乐园 近主干道 现房 绿化率高,45000  元/平(均价),总价486万/套
珠光山水诚品,住宅,在售,"['从化 ', ' 江浦街 ', ' 江埔街江村地段']",贴心物业 健身跑道 现房 绿化率高,11500  元/平(均价),总价150万/套
天健汇,商业,在售,"['天河 ', ' 车陂 ', ' 车陂北路（天坤三路与健明四路交汇处）']",自持商业 现房,45000  元/平(均价),
保利花海湾,住宅,在售,"['荔湾 ', ' 茶滘 ', ' 百花路111号']",品牌房企 贴心物业 绿化率高 购物方便,41000  元/平(均价),总价352万/套
保利半岛,住宅,在售,"['南沙 ', ' 黄阁 ', ' 滨水大道左侧（南沙儿童公园对面）']",品牌房企 复式 多轨交汇 近主干道,34000  元/平(均价),总价350万/套
时代幸汇,住宅,在售,"['从化 ', ' 江浦街 ', ' 环市东路188号']",品牌房企 贴心物业 地铁沿线 多轨交汇,16500  元/平(均价),总价172万/套
绿地柏玥晶舍,住宅,在售,"['白云 ', ' 太和 ', ' 草塘路5号']",品牌房企 近主干道 大型社区,35000  元/平(均价),总价330万/套
金茂湾,商业,在售,"['南沙 ', ' 南沙区府 ', ' 凤凰大道外国语学院南侧300米']",贴心物业 多轨交汇 近主干道 现房,25000  元/平(均价),
越秀东坡,住宅,在售,"['南沙 ', ' 进港大道 ', ' 进港大道原南沙街道办事处旁']",品牌房企 复式 公交直达 近主干道,25500  元/平(均价),总价263万/套
景业东湖洲豪园,住宅,在售,"['南沙 ', ' 南沙湾 ', ' 环市大道南横地铁站A口西侧350米处']",品牌房企 自持商业 多轨交汇 近主干道,27500  元/平(均价),总价247万/套
振业天颂花园,住宅,在售,"['荔湾 ', ' 广钢新城 ', ' 芳村大道南以西鹤洞路旁']",儿童乐园 近主干道 现房 绿化率高,45000  元/平(均价),总价486万/套
珠光山水诚品,住宅,在售,"['从化 ', ' 江浦街 ', ' 江埔街江村地段']",贴心物业 健身跑道 现房 绿化率高,11500  元/平(均价),总价150万/套
天健汇,商业,在售,"['天河 ', ' 车陂 ', ' 车陂北路（天坤三路与健明四路交汇处）']",自持商业 现房,45000  元/平(均价),
保利花海湾,住宅,在售,"['荔湾 ', ' 茶滘 ', ' 百花路111号']",品牌房企 贴心物业 绿化率高 购物方便,41000  元/平(均价),总价352万/套
保利半岛,住宅,在售,"['南沙 ', ' 黄阁 ', ' 滨水大道左侧（南沙儿童公园对面）']",品牌房企 复式 多轨交汇 近主干道,34000  元/平(均价),总价350万/套
时代幸汇,住宅,在售,"['从化 ', ' 江浦街 ', ' 环市东路188号']",品牌房企 贴心物业 地铁沿线 多轨交汇,16500  元/平(均价),总价172万/套
绿地柏玥晶舍,住宅,在售,"['白云 ', ' 太和 ', ' 草塘路5号']",品牌房企 近主干道 大型社区,35000  元/平(均价),总价330万/套
金茂湾,商业,在售,"['南沙 ', ' 南沙区府 ', ' 凤凰大道外国语学院南侧300米']",贴心物业 多轨交汇 近主干道 现房,25000  元/平(均价),
越秀东坡,住宅,在售,"['南沙 ', ' 进港大道 ', ' 进港大道原南沙街道办事处旁']",品牌房企 复式 公交直达 近主干道,25500  元/平(均价),总价263万/套
景业东湖洲豪园,住宅,在售,"['南沙 ', ' 南沙湾 ', ' 环市大道南横地铁站A口西侧350米处']",品牌房企 自持商业 多轨交汇 近主干道,27500  元/平(均价),总价247万/套
振业天颂花园,住宅,在售,"['荔湾 ', ' 广钢新城 ', ' 芳村大道南以西鹤洞路旁']",儿童乐园 近主干道 现房 绿化率高,45000  元/平(均价),总价486万/套
珠光山水诚品,住宅,在售,"['从化 ', ' 江浦街 ', ' 江埔街江村地段']",贴心物业 健身跑道 现房 绿化率高,11500  元/平(均价),总价150万/套
天健汇,商业,在售,"['天河 ', ' 车陂 ', ' 车陂北路（天坤三路与健明四路交汇处）']",自持商业 现房,45000  元/平(均价),
保利花海湾,住宅,在售,"['荔湾 ', ' 茶滘 ', ' 百花路111号']",品牌房企 贴心物业 绿化率高 购物方便,41000  元/平(均价),总价352万/套
保利半岛,住宅,在售,"['南沙 ', ' 黄阁 ', ' 滨水大道左侧（南沙儿童公园对面）']",品牌房企 复式 多轨交汇 近主干道,34000  元/平(均价),总价350万/套
时代幸汇,住宅,在售,"['从化 ', ' 江浦街 ', ' 环市东路188号']",品牌房企 贴心物业 地铁沿线 多轨交汇,16500  元/平(均价),总价172万/套
绿地柏玥晶舍,住宅,在售,"['白云 ', ' 太和 ', ' 草塘路5号']",品牌房企 近主干道 大型社区,35000  元/平(均价),总价330万/套
金茂湾,商业,在售,"['南沙 ', ' 南沙区府 ', ' 凤凰大道外国语学院南侧300米']",贴心物业 多轨交汇 近主干道 现房,25000  元/平(均价),
越秀东坡,住宅,在售,"['南沙 ', ' 进港大道 ', ' 进港大道原南沙街道办事处旁']",品牌房企 复式 公交直达 近主干道,25500  元/平(均价),总价263万/套
景业东湖洲豪园,住宅,在售,"['南沙 ', ' 南沙湾 ', ' 环市大道南横地铁站A口西侧350米处']",品牌房企 自持商业 多轨交汇 近主干道,27500  元/平(均价),总价247万/套
振业天颂花园,住宅,在售,"['荔湾 ', ' 广钢新城 ', ' 芳村大道南以西鹤洞路旁']",儿童乐园 近主干道 现房 绿化率高,45000  元/平(均价),总价486万/套
珠光山水诚品,住宅,在售,"['从化 ', ' 江浦街 ', ' 江埔街江村地段']",贴心物业 健身跑道 现房 绿化率高,11500  元/平(均价),总价150万/套
天健汇,商业,在售,"['天河 ', ' 车陂 ', ' 车陂北路（天坤三路与健明四路交汇处）']",自持商业 现房,45000  元/平(均价),
保利花海湾,住宅,在售,"['荔湾 ', ' 茶滘 ', ' 百花路111号']",品牌房企 贴心物业 绿化率高 购物方便,41000  元/平(均价),总价352万/套
保利半岛,住宅,在售,"['南沙 ', ' 黄阁 ', ' 滨水大道左侧（南沙儿童公园对面）']",品牌房企 复式 多轨交汇 近主干道,34000  元/平(均价),总价350万/套
时代幸汇,住宅,在售,"['从化 ', ' 江浦街 ', ' 环市东路188号']",品牌房企 贴心物业 地铁沿线 多轨交汇,16500  元/平(均价),总价172万/套
绿地柏玥晶舍,住宅,在售,"['白云 ', ' 太和 ', ' 草塘路5号']",品牌房企 近主干道 大型社区,35000  元/平(均价),总价330万/套
金茂湾,商业,在售,"['南沙 ', ' 南沙区府 ', ' 凤凰大道外国语学院南侧300米']",贴心物业 多轨交汇 近主干道 现房,25000  元/平(均价),
越秀东坡,住宅,在售,"['南沙 ', ' 进港大道 ', ' 进港大道原南沙街道办事处旁']",品牌房企 复式 公交直达 近主干道,25500  元/平(均价),总价263万/套
景业东湖洲豪园,住宅,在售,"['南沙 ', ' 南沙湾 ', ' 环市大道南横地铁站A口西侧350米处']",品牌房企 自持商业 多轨交汇 近主干道,27500  元/平(均价),总价247万/套
振业天颂花园,住宅,在售,"['荔湾 ', ' 广钢新城 ', ' 芳村大道南以西鹤洞路旁']",儿童乐园 近主干道 现房 绿化率高,45000  元/平(均价),总价486万/套
珠光山水诚品,住宅,在售,"['从化 ', ' 江浦街 ', ' 江埔街江村地段']",贴心物业 健身跑道 现房 绿化率高,11500  元/平(均价),总价150万/套
天健汇,商业,在售,"['天河 ', ' 车陂 ', ' 车陂北路（天坤三路与健明四路交汇处）']",自持商业 现房,45000  元/平(均价),
保利花海湾,住宅,在售,"['荔湾 ', ' 茶滘 ', ' 百花路111号']",品牌房企 贴心物业 绿化率高 购物方便,41000  元/平(均价),总价352万/套
保利半岛,住宅,在售,"['南沙 ', ' 黄阁 ', ' 滨水大道左侧（南沙儿童公园对面）']",品牌房企 复式 多轨交汇 近主干道,34000  元/平(均价),总价350万/套
时代幸汇,住宅,在售,"['从化 ', ' 江浦街 ', ' 环市东路188号']",品牌房企 贴心物业 地铁沿线 多轨交汇,16500  元/平(均价),总价172万/套
绿地柏玥晶舍,住宅,在售,"['白云 ', ' 太和 ', ' 草塘路5号']",品牌房企 近主干道 大型社区,35000  元/平(均价),总价330万/套
金茂湾,商业,在售,"['南沙 ', ' 南沙区府 ', ' 凤凰大道外国语学院南侧300米']",贴心物业 多轨交汇 近主干道 现房,25000  元/平(均价),
越秀东坡,住宅,在售,"['南沙 ', ' 进港大道 ', ' 进港大道原南沙街道办事处旁']",品牌房企 复式 公交直达 近主干道,25500  元/平(均价),总价263万/套
景业东湖洲豪园,住宅,在售,"['南沙 ', ' 南沙湾 ', ' 环市大道南横地铁站A口西侧350米处']",品牌房企 自持商业 多轨交汇 近主干道,27500  元/平(均价),总价247万/套
振业天颂花园,住宅,在售,"['荔湾 ', ' 广钢新城 ', ' 芳村大道南以西鹤洞路旁']",儿童乐园 近主干道 现房 绿化率高,45000  元/平(均价),总价486万/套
珠光山水诚品,住宅,在售,"['从化 ', ' 江浦街 ', ' 江埔街江村地段']",贴心物业 健身跑道 现房 绿化率高,11500  元/平(均价),总价150万/套
天健汇,商业,在售,"['天河 ', ' 车陂 ', ' 车陂北路（天坤三路与健明四路交汇处）']",自持商业 现房,45000  元/平(均价),
保利花海湾,住宅,在售,"['荔湾 ', ' 茶滘 ', ' 百花路111号']",品牌房企 贴心物业 绿化率高 购物方便,41000  元/平(均价),总价352万/套
保利半岛,住宅,在售,"['南沙 ', ' 黄阁 ', ' 滨水大道左侧（南沙儿童公园对面）']",品牌房企 复式 多轨交汇 近主干道,34000  元/平(均价),总价350万/套
时代幸汇,住宅,在售,"['从化 ', ' 江浦街 ', ' 环市东路188号']",品牌房企 贴心物业 地铁沿线 多轨交汇,16500  元/平(均价),总价172万/套
绿地柏玥晶舍,住宅,在售,"['白云 ', ' 太和 ', ' 草塘路5号']",品牌房企 近主干道 大型社区,35000  元/平(均价),总价330万/套
金茂湾,商业,在售,"['南沙 ', ' 南沙区府 ', ' 凤凰大道外国语学院南侧300米']",贴心物业 多轨交汇 近主干道 现房,25000  元/平(均价),
越秀东坡,住宅,在售,"['南沙 ', ' 进港大道 ', ' 进港大道原南沙街道办事处旁']",品牌房企 复式 公交直达 近主干道,25500  元/平(均价),总价263万/套
景业东湖洲豪园,住宅,在售,"['南沙 ', ' 南沙湾 ', ' 环市大道南横地铁站A口西侧350米处']",品牌房企 自持商业 多轨交汇 近主干道,27500  元/平(均价),总价247万/套
振业天颂花园,住宅,在售,"['荔湾 ', ' 广钢新城 ', ' 芳村大道南以西鹤洞路旁']",儿童乐园 近主干道 现房 绿化率高,45000  元/平(均价),总价486万/套
珠光山水诚品,住宅,在售,"['从化 ', ' 江浦街 ', ' 江埔街江村地段']",贴心物业 健身跑道 现房 绿化率高,11500  元/平(均价),总价150万/套
天健汇,商业,在售,"['天河 ', ' 车陂 ', ' 车陂北路（天坤三路与健明四路交汇处）']",自持商业 现房,45000  元/平(均价),
保利花海湾,住宅,在售,"['荔湾 ', ' 茶滘 ', ' 百花路111号']",品牌房企 贴心物业 绿化率高 购物方便,41000  元/平(均价),总价352万/套
保利半岛,住宅,在售,"['南沙 ', ' 黄阁 ', ' 滨水大道左侧（南沙儿童公园对面）']",品牌房企 复式 多轨交汇 近主干道,34000  元/平(均价),总价350万/套
时代幸汇,住宅,在售,"['从化 ', ' 江浦街 ', ' 环市东路188号']",品牌房企 贴心物业 地铁沿线 多轨交汇,16500  元/平(均价),总价172万/套
绿地柏玥晶舍,住宅,在售,"['白云 ', ' 太和 ', ' 草塘路5号']",品牌房企 近主干道 大型社区,35000  元/平(均价),总价330万/套
金茂湾,商业,在售,"['南沙 ', ' 南沙区府 ', ' 凤凰大道外国语学院南侧300米']",贴心物业 多轨交汇 近主干道 现房,25000  元/平(均价),
越秀东坡,住宅,在售,"['南沙 ', ' 进港大道 ', ' 进港大道原南沙街道办事处旁']",品牌房企 复式 公交直达 近主干道,25500  元/平(均价),总价263万/套
景业东湖洲豪园,住宅,在售,"['南沙 ', ' 南沙湾 ', ' 环市大道南横地铁站A口西侧350米处']",品牌房企 自持商业 多轨交汇 近主干道,27500  元/平(均价),总价247万/套
振业天颂花园,住宅,在售,"['荔湾 ', ' 广钢新城 ', ' 芳村大道南以西鹤洞路旁']",儿童乐园 近主干道 现房 绿化率高,45000  元/平(均价),总价486万/套
珠光山水诚品,住宅,在售,"['从化 ', ' 江浦街 ', ' 江埔街江村地段']",贴心物业 健身跑道 现房 绿化率高,11500  元/平(均价),总价150万/套
天健汇,商业,在售,"['天河 ', ' 车陂 ', ' 车陂北路（天坤三路与健明四路交汇处）']",自持商业 现房,45000  元/平(均价),
保利花海湾,住宅,在售,"['荔湾 ', ' 茶滘 ', ' 百花路111号']",品牌房企 贴心物业 绿化率高 购物方便,41000  元/平(均价),总价352万/套
保利半岛,住宅,在售,"['南沙 ', ' 黄阁 ', ' 滨水大道左侧（南沙儿童公园对面）']",品牌房企 复式 多轨交汇 近主干道,34000  元/平(均价),总价350万/套
时代幸汇,住宅,在售,"['从化 ', ' 江浦街 ', ' 环市东路188号']",品牌房企 贴心物业 地铁沿线 多轨交汇,16500  元/平(均价),总价172万/套
绿地柏玥晶舍,住宅,在售,"['白云 ', ' 太和 ', ' 草塘路5号']",品牌房企 近主干道 大型社区,35000  元/平(均价),总价330万/套
金茂湾,商业,在售,"['南沙 ', ' 南沙区府 ', ' 凤凰大道外国语学院南侧300米']",贴心物业 多轨交汇 近主干道 现房,25000  元/平(均价),
越秀东坡,住宅,在售,"['南沙 ', ' 进港大道 ', ' 进港大道原南沙街道办事处旁']",品牌房企 复式 公交直达 近主干道,25500  元/平(均价),总价263万/套
景业东湖洲豪园,住宅,在售,"['南沙 ', ' 南沙湾 ', ' 环市大道南横地铁站A口西侧350米处']",品牌房企 自持商业 多轨交汇 近主干道,27500  元/平(均价),总价247万/套
振业天颂花园,住宅,在售,"['荔湾 ', ' 广钢新城 ', ' 芳村大道南以西鹤洞路旁']",儿童乐园 近主干道 现房 绿化率高,45000  元/平(均价),总价486万/套
珠光山水诚品,住宅,在售,"['从化 ', ' 江浦街 ', ' 江埔街江村地段']",贴心物业 健身跑道 现房 绿化率高,11500  元/平(均价),总价150万/套
天健汇,商业,在售,"['天河 ', ' 车陂 ', ' 车陂北路（天坤三路与健明四路交汇处）']",自持商业 现房,45000  元/平(均价),
保利花海湾,住宅,在售,"['荔湾 ', ' 茶滘 ', ' 百花路111号']",品牌房企 贴心物业 绿化率高 购物方便,41000  元/平(均价),总价352万/套
保利半岛,住宅,在售,"['南沙 ', ' 黄阁 ', ' 滨水大道左侧（南沙儿童公园对面）']",品牌房企 复式 多轨交汇 近主干道,34000  元/平(均价),总价350万/套
时代幸汇,住宅,在售,"['从化 ', ' 江浦街 ', ' 环市东路188号']",品牌房企 贴心物业 地铁沿线 多轨交汇,16500  元/平(均价),总价172万/套
绿地柏玥晶舍,住宅,在售,"['白云 ', ' 太和 ', ' 草塘路5号']",品牌房企 近主干道 大型社区,35000  元/平(均价),总价330万/套
金茂湾,商业,在售,"['南沙 ', ' 南沙区府 ', ' 凤凰大道外国语学院南侧300米']",贴心物业 多轨交汇 近主干道 现房,25000  元/平(均价),
越秀东坡,住宅,在售,"['南沙 ', ' 进港大道 ', ' 进港大道原南沙街道办事处旁']",品牌房企 复式 公交直达 近主干道,25500  元/平(均价),总价263万/套
景业东湖洲豪园,住宅,在售,"['南沙 ', ' 南沙湾 ', ' 环市大道南横地铁站A口西侧350米处']",品牌房企 自持商业 多轨交汇 近主干道,27500  元/平(均价),总价247万/套
振业天颂花园,住宅,在售,"['荔湾 ', ' 广钢新城 ', ' 芳村大道南以西鹤洞路旁']",儿童乐园 近主干道 现房 绿化率高,45000  元/平(均价),总价486万/套
珠光山水诚品,住宅,在售,"['从化 ', ' 江浦街 ', ' 江埔街江村地段']",贴心物业 健身跑道 现房 绿化率高,11500  元/平(均价),总价150万/套
天健汇,商业,在售,"['天河 ', ' 车陂 ', ' 车陂北路（天坤三路与健明四路交汇处）']",自持商业 现房,45000  元/平(均价),
保利花海湾,住宅,在售,"['荔湾 ', ' 茶滘 ', ' 百花路111号']",品牌房企 贴心物业 绿化率高 购物方便,41000  元/平(均价),总价352万/套
保利半岛,住宅,在售,"['南沙 ', ' 黄阁 ', ' 滨水大道左侧（南沙儿童公园对面）']",品牌房企 复式 多轨交汇 近主干道,34000  元/平(均价),总价350万/套
时代幸汇,住宅,在售,"['从化 ', ' 江浦街 ', ' 环市东路188号']",品牌房企 贴心物业 地铁沿线 多轨交汇,16500  元/平(均价),总价172万/套
绿地柏玥晶舍,住宅,在售,"['白云 ', ' 太和 ', ' 草塘路5号']",品牌房企 近主干道 大型社区,35000  元/平(均价),总价330万/套
金茂湾,商业,在售,"['南沙 ', ' 南沙区府 ', ' 凤凰大道外国语学院南侧300米']",贴心物业 多轨交汇 近主干道 现房,25000  元/平(均价),
越秀东坡,住宅,在售,"['南沙 ', ' 进港大道 ', ' 进港大道原南沙街道办事处旁']",品牌房企 复式 公交直达 近主干道,25500  元/平(均价),总价263万/套
景业东湖洲豪园,住宅,在售,"['南沙 ', ' 南沙湾 ', ' 环市大道南横地铁站A口西侧350米处']",品牌房企 自持商业 多轨交汇 近主干道,27500  元/平(均价),总价247万/套
振业天颂花园,住宅,在售,"['荔湾 ', ' 广钢新城 ', ' 芳村大道南以西鹤洞路旁']",儿童乐园 近主干道 现房 绿化率高,45000  元/平(均价),总价486万/套
珠光山水诚品,住宅,在售,"['从化 ', ' 江浦街 ', ' 江埔街江村地段']",贴心物业 健身跑道 现房 绿化率高,11500  元/平(均价),总价150万/套
天健汇,商业,在售,"['天河 ', ' 车陂 ', ' 车陂北路（天坤三路与健明四路交汇处）']",自持商业 现房,45000  元/平(均价),
保利花海湾,住宅,在售,"['荔湾 ', ' 茶滘 ', ' 百花路111号']",品牌房企 贴心物业 绿化率高 购物方便,41000  元/平(均价),总价352万/套
保利半岛,住宅,在售,"['南沙 ', ' 黄阁 ', ' 滨水大道左侧（南沙儿童公园对面）']",品牌房企 复式 多轨交汇 近主干道,34000  元/平(均价),总价350万/套
时代幸汇,住宅,在售,"['从化 ', ' 江浦街 ', ' 环市东路188号']",品牌房企 贴心物业 地铁沿线 多轨交汇,16500  元/平(均价),总价172万/套
绿地柏玥晶舍,住宅,在售,"['白云 ', ' 太和 ', ' 草塘路5号']",品牌房企 近主干道 大型社区,35000  元/平(均价),总价330万/套
金茂湾,商业,在售,"['南沙 ', ' 南沙区府 ', ' 凤凰大道外国语学院南侧300米']",贴心物业 多轨交汇 近主干道 现房,25000  元/平(均价),
越秀东坡,住宅,在售,"['南沙 ', ' 进港大道 ', ' 进港大道原南沙街道办事处旁']",品牌房企 复式 公交直达 近主干道,25500  元/平(均价),总价263万/套
景业东湖洲豪园,住宅,在售,"['南沙 ', ' 南沙湾 ', ' 环市大道南横地铁站A口西侧350米处']",品牌房企 自持商业 多轨交汇 近主干道,27500  元/平(均价),总价247万/套
振业天颂花园,住宅,在售,"['荔湾 ', ' 广钢新城 ', ' 芳村大道南以西鹤洞路旁']",儿童乐园 近主干道 现房 绿化率高,45000  元/平(均价),总价486万/套
珠光山水诚品,住宅,在售,"['从化 ', ' 江浦街 ', ' 江埔街江村地段']",贴心物业 健身跑道 现房 绿化率高,11500  元/平(均价),总价150万/套
天健汇,商业,在售,"['天河 ', ' 车陂 ', ' 车陂北路（天坤三路与健明四路交汇处）']",自持商业 现房,45000  元/平(均价),
保利花海湾,住宅,在售,"['荔湾 ', ' 茶滘 ', ' 百花路111号']",品牌房企 贴心物业 绿化率高 购物方便,41000  元/平(均价),总价352万/套
保利半岛,住宅,在售,"['南沙 ', ' 黄阁 ', ' 滨水大道左侧（南沙儿童公园对面）']",品牌房企 复式 多轨交汇 近主干道,34000  元/平(均价),总价350万/套
时代幸汇,住宅,在售,"['从化 ', ' 江浦街 ', ' 环市东路188号']",品牌房企 贴心物业 地铁沿线 多轨交汇,16500  元/平(均价),总价172万/套
绿地柏玥晶舍,住宅,在售,"['白云 ', ' 太和 ', ' 草塘路5号']",品牌房企 近主干道 大型社区,35000  元/平(均价),总价330万/套
金茂湾,商业,在售,"['南沙 ', ' 南沙区府 ', ' 凤凰大道外国语学院南侧300米']",贴心物业 多轨交汇 近主干道 现房,25000  元/平(均价),
越秀东坡,住宅,在售,"['南沙 ', ' 进港大道 ', ' 进港大道原南沙街道办事处旁']",品牌房企 复式 公交直达 近主干道,25500  元/平(均价),总价263万/套
景业东湖洲豪园,住宅,在售,"['南沙 ', ' 南沙湾 ', ' 环市大道南横地铁站A口西侧350米处']",品牌房企 自持商业 多轨交汇 近主干道,27500  元/平(均价),总价247万/套
振业天颂花园,住宅,在售,"['荔湾 ', ' 广钢新城 ', ' 芳村大道南以西鹤洞路旁']",儿童乐园 近主干道 现房 绿化率高,45000  元/平(均价),总价486万/套
珠光山水诚品,住宅,在售,"['从化 ', ' 江浦街 ', ' 江埔街江村地段']",贴心物业 健身跑道 现房 绿化率高,11500  元/平(均价),总价150万/套
天健汇,商业,在售,"['天河 ', ' 车陂 ', ' 车陂北路（天坤三路与健明四路交汇处）']",自持商业 现房,45000  元/平(均价),
保利花海湾,住宅,在售,"['荔湾 ', ' 茶滘 ', ' 百花路111号']",品牌房企 贴心物业 绿化率高 购物方便,41000  元/平(均价),总价352万/套
保利半岛,住宅,在售,"['南沙 ', ' 黄阁 ', ' 滨水大道左侧（南沙儿童公园对面）']",品牌房企 复式 多轨交汇 近主干道,34000  元/平(均价),总价350万/套
时代幸汇,住宅,在售,"['从化 ', ' 江浦街 ', ' 环市东路188号']",品牌房企 贴心物业 地铁沿线 多轨交汇,16500  元/平(均价),总价172万/套
绿地柏玥晶舍,住宅,在售,"['白云 ', ' 太和 ', ' 草塘路5号']",品牌房企 近主干道 大型社区,35000  元/平(均价),总价330万/套
金茂湾,商业,在售,"['南沙 ', ' 南沙区府 ', ' 凤凰大道外国语学院南侧300米']",贴心物业 多轨交汇 近主干道 现房,25000  元/平(均价),
越秀东坡,住宅,在售,"['南沙 ', ' 进港大道 ', ' 进港大道原南沙街道办事处旁']",品牌房企 复式 公交直达 近主干道,25500  元/平(均价),总价263万/套
景业东湖洲豪园,住宅,在售,"['南沙 ', ' 南沙湾 ', ' 环市大道南横地铁站A口西侧350米处']",品牌房企 自持商业 多轨交汇 近主干道,27500  元/平(均价),总价247万/套
振业天颂花园,住宅,在售,"['荔湾 ', ' 广钢新城 ', ' 芳村大道南以西鹤洞路旁']",儿童乐园 近主干道 现房 绿化率高,45000  元/平(均价),总价486万/套
珠光山水诚品,住宅,在售,"['从化 ', ' 江浦街 ', ' 江埔街江村地段']",贴心物业 健身跑道 现房 绿化率高,11500  元/平(均价),总价150万/套
天健汇,商业,在售,"['天河 ', ' 车陂 ', ' 车陂北路（天坤三路与健明四路交汇处）']",自持商业 现房,45000  元/平(均价),
保利花海湾,住宅,在售,"['荔湾 ', ' 茶滘 ', ' 百花路111号']",品牌房企 贴心物业 绿化率高 购物方便,41000  元/平(均价),总价352万/套
保利半岛,住宅,在售,"['南沙 ', ' 黄阁 ', ' 滨水大道左侧（南沙儿童公园对面）']",品牌房企 复式 多轨交汇 近主干道,34000  元/平(均价),总价350万/套
时代幸汇,住宅,在售,"['从化 ', ' 江浦街 ', ' 环市东路188号']",品牌房企 贴心物业 地铁沿线 多轨交汇,16500  元/平(均价),总价172万/套
绿地柏玥晶舍,住宅,在售,"['白云 ', ' 太和 ', ' 草塘路5号']",品牌房企 近主干道 大型社区,35000  元/平(均价),总价330万/套
金茂湾,商业,在售,"['南沙 ', ' 南沙区府 ', ' 凤凰大道外国语学院南侧300米']",贴心物业 多轨交汇 近主干道 现房,25000  元/平(均价),
越秀东坡,住宅,在售,"['南沙 ', ' 进港大道 ', ' 进港大道原南沙街道办事处旁']",品牌房企 复式 公交直达 近主干道,25500  元/平(均价),总价263万/套
景业东湖洲豪园,住宅,在售,"['南沙 ', ' 南沙湾 ', ' 环市大道南横地铁站A口西侧350米处']",品牌房企 自持商业 多轨交汇 近主干道,27500  元/平(均价),总价247万/套
振业天颂花园,住宅,在售,"['荔湾 ', ' 广钢新城 ', ' 芳村大道南以西鹤洞路旁']",儿童乐园 近主干道 现房 绿化率高,45000  元/平(均价),总价486万/套
珠光山水诚品,住宅,在售,"['从化 ', ' 江浦街 ', ' 江埔街江村地段']",贴心物业 健身跑道 现房 绿化率高,11500  元/平(均价),总价150万/套
天健汇,商业,在售,"['天河 ', ' 车陂 ', ' 车陂北路（天坤三路与健明四路交汇处）']",自持商业 现房,45000  元/平(均价),
保利花海湾,住宅,在售,"['荔湾 ', ' 茶滘 ', ' 百花路111号']",品牌房企 贴心物业 绿化率高 购物方便,41000  元/平(均价),总价352万/套
保利半岛,住宅,在售,"['南沙 ', ' 黄阁 ', ' 滨水大道左侧（南沙儿童公园对面）']",品牌房企 复式 多轨交汇 近主干道,34000  元/平(均价),总价350万/套
时代幸汇,住宅,在售,"['从化 ', ' 江浦街 ', ' 环市东路188号']",品牌房企 贴心物业 地铁沿线 多轨交汇,16500  元/平(均价),总价172万/套
绿地柏玥晶舍,住宅,在售,"['白云 ', ' 太和 ', ' 草塘路5号']",品牌房企 近主干道 大型社区,35000  元/平(均价),总价330万/套
金茂湾,商业,在售,"['南沙 ', ' 南沙区府 ', ' 凤凰大道外国语学院南侧300米']",贴心物业 多轨交汇 近主干道 现房,25000  元/平(均价),
越秀东坡,住宅,在售,"['南沙 ', ' 进港大道 ', ' 进港大道原南沙街道办事处旁']",品牌房企 复式 公交直达 近主干道,25500  元/平(均价),总价263万/套
景业东湖洲豪园,住宅,在售,"['南沙 ', ' 南沙湾 ', ' 环市大道南横地铁站A口西侧350米处']",品牌房企 自持商业 多轨交汇 近主干道,27500  元/平(均价),总价247万/套
振业天颂花园,住宅,在售,"['荔湾 ', ' 广钢新城 ', ' 芳村大道南以西鹤洞路旁']",儿童乐园 近主干道 现房 绿化率高,45000  元/平(均价),总价486万/套
珠光山水诚品,住宅,在售,"['从化 ', ' 江浦街 ', ' 江埔街江村地段']",贴心物业 健身跑道 现房 绿化率高,11500  元/平(均价),总价150万/套
天健汇,商业,在售,"['天河 ', ' 车陂 ', ' 车陂北路（天坤三路与健明四路交汇处）']",自持商业 现房,45000  元/平(均价),
保利花海湾,住宅,在售,"['荔湾 ', ' 茶滘 ', ' 百花路111号']",品牌房企 贴心物业 绿化率高 购物方便,41000  元/平(均价),总价352万/套
保利半岛,住宅,在售,"['南沙 ', ' 黄阁 ', ' 滨水大道左侧（南沙儿童公园对面）']",品牌房企 复式 多轨交汇 近主干道,34000  元/平(均价),总价350万/套
时代幸汇,住宅,在售,"['从化 ', ' 江浦街 ', ' 环市东路188号']",品牌房企 贴心物业 地铁沿线 多轨交汇,16500  元/平(均价),总价172万/套
绿地柏玥晶舍,住宅,在售,"['白云 ', ' 太和 ', ' 草塘路5号']",品牌房企 近主干道 大型社区,35000  元/平(均价),总价330万/套
金茂湾,商业,在售,"['南沙 ', ' 南沙区府 ', ' 凤凰大道外国语学院南侧300米']",贴心物业 多轨交汇 近主干道 现房,25000  元/平(均价),
越秀东坡,住宅,在售,"['南沙 ', ' 进港大道 ', ' 进港大道原南沙街道办事处旁']",品牌房企 复式 公交直达 近主干道,25500  元/平(均价),总价263万/套
景业东湖洲豪园,住宅,在售,"['南沙 ', ' 南沙湾 ', ' 环市大道南横地铁站A口西侧350米处']",品牌房企 自持商业 多轨交汇 近主干道,27500  元/平(均价),总价247万/套
振业天颂花园,住宅,在售,"['荔湾 ', ' 广钢新城 ', ' 芳村大道南以西鹤洞路旁']",儿童乐园 近主干道 现房 绿化率高,45000  元/平(均价),总价486万/套
珠光山水诚品,住宅,在售,"['从化 ', ' 江浦街 ', ' 江埔街江村地段']",贴心物业 健身跑道 现房 绿化率高,11500  元/平(均价),总价150万/套
天健汇,商业,在售,"['天河 ', ' 车陂 ', ' 车陂北路（天坤三路与健明四路交汇处）']",自持商业 现房,45000  元/平(均价),
保利花海湾,住宅,在售,"['荔湾 ', ' 茶滘 ', ' 百花路111号']",品牌房企 贴心物业 绿化率高 购物方便,41000  元/平(均价),总价352万/套
保利半岛,住宅,在售,"['南沙 ', ' 黄阁 ', ' 滨水大道左侧（南沙儿童公园对面）']",品牌房企 复式 多轨交汇 近主干道,34000  元/平(均价),总价350万/套
时代幸汇,住宅,在售,"['从化 ', ' 江浦街 ', ' 环市东路188号']",品牌房企 贴心物业 地铁沿线 多轨交汇,16500  元/平(均价),总价172万/套
绿地柏玥晶舍,住宅,在售,"['白云 ', ' 太和 ', ' 草塘路5号']",品牌房企 近主干道 大型社区,35000  元/平(均价),总价330万/套
金茂湾,商业,在售,"['南沙 ', ' 南沙区府 ', ' 凤凰大道外国语学院南侧300米']",贴心物业 多轨交汇 近主干道 现房,25000  元/平(均价),
越秀东坡,住宅,在售,"['南沙 ', ' 进港大道 ', ' 进港大道原南沙街道办事处旁']",品牌房企 复式 公交直达 近主干道,25500  元/平(均价),总价263万/套
景业东湖洲豪园,住宅,在售,"['南沙 ', ' 南沙湾 ', ' 环市大道南横地铁站A口西侧350米处']",品牌房企 自持商业 多轨交汇 近主干道,27500  元/平(均价),总价247万/套
振业天颂花园,住宅,在售,"['荔湾 ', ' 广钢新城 ', ' 芳村大道南以西鹤洞路旁']",儿童乐园 近主干道 现房 绿化率高,45000  元/平(均价),总价486万/套
珠光山水诚品,住宅,在售,"['从化 ', ' 江浦街 ', ' 江埔街江村地段']",贴心物业 健身跑道 现房 绿化率高,11500  元/平(均价),总价150万/套
天健汇,商业,在售,"['天河 ', ' 车陂 ', ' 车陂北路（天坤三路与健明四路交汇处）']",自持商业 现房,45000  元/平(均价),
保利花海湾,住宅,在售,"['荔湾 ', ' 茶滘 ', ' 百花路111号']",品牌房企 贴心物业 绿化率高 购物方便,41000  元/平(均价),总价352万/套
保利半岛,住宅,在售,"['南沙 ', ' 黄阁 ', ' 滨水大道左侧（南沙儿童公园对面）']",品牌房企 复式 多轨交汇 近主干道,34000  元/平(均价),总价350万/套
时代幸汇,住宅,在售,"['从化 ', ' 江浦街 ', ' 环市东路188号']",品牌房企 贴心物业 地铁沿线 多轨交汇,16500  元/平(均价),总价172万/套
绿地柏玥晶舍,住宅,在售,"['白云 ', ' 太和 ', ' 草塘路5号']",品牌房企 近主干道 大型社区,35000  元/平(均价),总价330万/套
金茂湾,商业,在售,"['南沙 ', ' 南沙区府 ', ' 凤凰大道外国语学院南侧300米']",贴心物业 多轨交汇 近主干道 现房,25000  元/平(均价),
越秀东坡,住宅,在售,"['南沙 ', ' 进港大道 ', ' 进港大道原南沙街道办事处旁']",品牌房企 复式 公交直达 近主干道,25500  元/平(均价),总价263万/套
景业东湖洲豪园,住宅,在售,"['南沙 ', ' 南沙湾 ', ' 环市大道南横地铁站A口西侧350米处']",品牌房企 自持商业 多轨交汇 近主干道,27500  元/平(均价),总价247万/套
振业天颂花园,住宅,在售,"['荔湾 ', ' 广钢新城 ', ' 芳村大道南以西鹤洞路旁']",儿童乐园 近主干道 现房 绿化率高,45000  元/平(均价),总价486万/套
珠光山水诚品,住宅,在售,"['从化 ', ' 江浦街 ', ' 江埔街江村地段']",贴心物业 健身跑道 现房 绿化率高,11500  元/平(均价),总价150万/套
天健汇,商业,在售,"['天河 ', ' 车陂 ', ' 车陂北路（天坤三路与健明四路交汇处）']",自持商业 现房,45000  元/平(均价),
保利花海湾,住宅,在售,"['荔湾 ', ' 茶滘 ', ' 百花路111号']",品牌房企 贴心物业 绿化率高 购物方便,41000  元/平(均价),总价352万/套
保利半岛,住宅,在售,"['南沙 ', ' 黄阁 ', ' 滨水大道左侧（南沙儿童公园对面）']",品牌房企 复式 多轨交汇 近主干道,34000  元/平(均价),总价350万/套
时代幸汇,住宅,在售,"['从化 ', ' 江浦街 ', ' 环市东路188号']",品牌房企 贴心物业 地铁沿线 多轨交汇,16500  元/平(均价),总价172万/套
绿地柏玥晶舍,住宅,在售,"['白云 ', ' 太和 ', ' 草塘路5号']",品牌房企 近主干道 大型社区,35000  元/平(均价),总价330万/套
金茂湾,商业,在售,"['南沙 ', ' 南沙区府 ', ' 凤凰大道外国语学院南侧300米']",贴心物业 多轨交汇 近主干道 现房,25000  元/平(均价),
越秀东坡,住宅,在售,"['南沙 ', ' 进港大道 ', ' 进港大道原南沙街道办事处旁']",品牌房企 复式 公交直达 近主干道,25500  元/平(均价),总价263万/套
景业东湖洲豪园,住宅,在售,"['南沙 ', ' 南沙湾 ', ' 环市大道南横地铁站A口西侧350米处']",品牌房企 自持商业 多轨交汇 近主干道,27500  元/平(均价),总价247万/套
振业天颂花园,住宅,在售,"['荔湾 ', ' 广钢新城 ', ' 芳村大道南以西鹤洞路旁']",儿童乐园 近主干道 现房 绿化率高,45000  元/平(均价),总价486万/套
珠光山水诚品,住宅,在售,"['从化 ', ' 江浦街 ', ' 江埔街江村地段']",贴心物业 健身跑道 现房 绿化率高,11500  元/平(均价),总价150万/套
天健汇,商业,在售,"['天河 ', ' 车陂 ', ' 车陂北路（天坤三路与健明四路交汇处）']",自持商业 现房,45000  元/平(均价),
保利花海湾,住宅,在售,"['荔湾 ', ' 茶滘 ', ' 百花路111号']",品牌房企 贴心物业 绿化率高 购物方便,41000  元/平(均价),总价352万/套
保利半岛,住宅,在售,"['南沙 ', ' 黄阁 ', ' 滨水大道左侧（南沙儿童公园对面）']",品牌房企 复式 多轨交汇 近主干道,34000  元/平(均价),总价350万/套
时代幸汇,住宅,在售,"['从化 ', ' 江浦街 ', ' 环市东路188号']",品牌房企 贴心物业 地铁沿线 多轨交汇,16500  元/平(均价),总价172万/套
绿地柏玥晶舍,住宅,在售,"['白云 ', ' 太和 ', ' 草塘路5号']",品牌房企 近主干道 大型社区,35000  元/平(均价),总价330万/套
金茂湾,商业,在售,"['南沙 ', ' 南沙区府 ', ' 凤凰大道外国语学院南侧300米']",贴心物业 多轨交汇 近主干道 现房,25000  元/平(均价),
越秀东坡,住宅,在售,"['南沙 ', ' 进港大道 ', ' 进港大道原南沙街道办事处旁']",品牌房企 复式 公交直达 近主干道,25500  元/平(均价),总价263万/套
景业东湖洲豪园,住宅,在售,"['南沙 ', ' 南沙湾 ', ' 环市大道南横地铁站A口西侧350米处']",品牌房企 自持商业 多轨交汇 近主干道,27500  元/平(均价),总价247万/套
振业天颂花园,住宅,在售,"['荔湾 ', ' 广钢新城 ', ' 芳村大道南以西鹤洞路旁']",儿童乐园 近主干道 现房 绿化率高,45000  元/平(均价),总价486万/套
珠光山水诚品,住宅,在售,"['从化 ', ' 江浦街 ', ' 江埔街江村地段']",贴心物业 健身跑道 现房 绿化率高,11500  元/平(均价),总价150万/套
天健汇,商业,在售,"['天河 ', ' 车陂 ', ' 车陂北路（天坤三路与健明四路交汇处）']",自持商业 现房,45000  元/平(均价),
保利花海湾,住宅,在售,"['荔湾 ', ' 茶滘 ', ' 百花路111号']",品牌房企 贴心物业 绿化率高 购物方便,41000  元/平(均价),总价352万/套
保利半岛,住宅,在售,"['南沙 ', ' 黄阁 ', ' 滨水大道左侧（南沙儿童公园对面）']",品牌房企 复式 多轨交汇 近主干道,34000  元/平(均价),总价350万/套
时代幸汇,住宅,在售,"['从化 ', ' 江浦街 ', ' 环市东路188号']",品牌房企 贴心物业 地铁沿线 多轨交汇,16500  元/平(均价),总价172万/套
绿地柏玥晶舍,住宅,在售,"['白云 ', ' 太和 ', ' 草塘路5号']",品牌房企 近主干道 大型社区,35000  元/平(均价),总价330万/套
金茂湾,商业,在售,"['南沙 ', ' 南沙区府 ', ' 凤凰大道外国语学院南侧300米']",贴心物业 多轨交汇 近主干道 现房,25000  元/平(均价),
越秀东坡,住宅,在售,"['南沙 ', ' 进港大道 ', ' 进港大道原南沙街道办事处旁']",品牌房企 复式 公交直达 近主干道,25500  元/平(均价),总价263万/套
景业东湖洲豪园,住宅,在售,"['南沙 ', ' 南沙湾 ', ' 环市大道南横地铁站A口西侧350米处']",品牌房企 自持商业 多轨交汇 近主干道,27500  元/平(均价),总价247万/套
振业天颂花园,住宅,在售,"['荔湾 ', ' 广钢新城 ', ' 芳村大道南以西鹤洞路旁']",儿童乐园 近主干道 现房 绿化率高,45000  元/平(均价),总价486万/套
珠光山水诚品,住宅,在售,"['从化 ', ' 江浦街 ', ' 江埔街江村地段']",贴心物业 健身跑道 现房 绿化率高,11500  元/平(均价),总价150万/套
天健汇,商业,在售,"['天河 ', ' 车陂 ', ' 车陂北路（天坤三路与健明四路交汇处）']",自持商业 现房,45000  元/平(均价),
保利花海湾,住宅,在售,"['荔湾 ', ' 茶滘 ', ' 百花路111号']",品牌房企 贴心物业 绿化率高 购物方便,41000  元/平(均价),总价352万/套
保利半岛,住宅,在售,"['南沙 ', ' 黄阁 ', ' 滨水大道左侧（南沙儿童公园对面）']",品牌房企 复式 多轨交汇 近主干道,34000  元/平(均价),总价350万/套
时代幸汇,住宅,在售,"['从化 ', ' 江浦街 ', ' 环市东路188号']",品牌房企 贴心物业 地铁沿线 多轨交汇,16500  元/平(均价),总价172万/套
绿地柏玥晶舍,住宅,在售,"['白云 ', ' 太和 ', ' 草塘路5号']",品牌房企 近主干道 大型社区,35000  元/平(均价),总价330万/套
金茂湾,商业,在售,"['南沙 ', ' 南沙区府 ', ' 凤凰大道外国语学院南侧300米']",贴心物业 多轨交汇 近主干道 现房,25000  元/平(均价),
越秀东坡,住宅,在售,"['南沙 ', ' 进港大道 ', ' 进港大道原南沙街道办事处旁']",品牌房企 复式 公交直达 近主干道,25500  元/平(均价),总价263万/套
景业东湖洲豪园,住宅,在售,"['南沙 ', ' 南沙湾 ', ' 环市大道南横地铁站A口西侧350米处']",品牌房企 自持商业 多轨交汇 近主干道,27500  元/平(均价),总价247万/套
振业天颂花园,住宅,在售,"['荔湾 ', ' 广钢新城 ', ' 芳村大道南以西鹤洞路旁']",儿童乐园 近主干道 现房 绿化率高,45000  元/平(均价),总价486万/套
珠光山水诚品,住宅,在售,"['从化 ', ' 江浦街 ', ' 江埔街江村地段']",贴心物业 健身跑道 现房 绿化率高,11500  元/平(均价),总价150万/套
天健汇,商业,在售,"['天河 ', ' 车陂 ', ' 车陂北路（天坤三路与健明四路交汇处）']",自持商业 现房,45000  元/平(均价),
保利花海湾,住宅,在售,"['荔湾 ', ' 茶滘 ', ' 百花路111号']",品牌房企 贴心物业 绿化率高 购物方便,41000  元/平(均价),总价352万/套
保利半岛,住宅,在售,"['南沙 ', ' 黄阁 ', ' 滨水大道左侧（南沙儿童公园对面）']",品牌房企 复式 多轨交汇 近主干道,34000  元/平(均价),总价350万/套
时代幸汇,住宅,在售,"['从化 ', ' 江浦街 ', ' 环市东路188号']",品牌房企 贴心物业 地铁沿线 多轨交汇,16500  元/平(均价),总价172万/套
绿地柏玥晶舍,住宅,在售,"['白云 ', ' 太和 ', ' 草塘路5号']",品牌房企 近主干道 大型社区,35000  元/平(均价),总价330万/套
金茂湾,商业,在售,"['南沙 ', ' 南沙区府 ', ' 凤凰大道外国语学院南侧300米']",贴心物业 多轨交汇 近主干道 现房,25000  元/平(均价),
越秀东坡,住宅,在售,"['南沙 ', ' 进港大道 ', ' 进港大道原南沙街道办事处旁']",品牌房企 复式 公交直达 近主干道,25500  元/平(均价),总价263万/套
景业东湖洲豪园,住宅,在售,"['南沙 ', ' 南沙湾 ', ' 环市大道南横地铁站A口西侧350米处']",品牌房企 自持商业 多轨交汇 近主干道,27500  元/平(均价),总价247万/套
振业天颂花园,住宅,在售,"['荔湾 ', ' 广钢新城 ', ' 芳村大道南以西鹤洞路旁']",儿童乐园 近主干道 现房 绿化率高,45000  元/平(均价),总价486万/套
珠光山水诚品,住宅,在售,"['从化 ', ' 江浦街 ', ' 江埔街江村地段']",贴心物业 健身跑道 现房 绿化率高,11500  元/平(均价),总价150万/套
天健汇,商业,在售,"['天河 ', ' 车陂 ', ' 车陂北路（天坤三路与健明四路交汇处）']",自持商业 现房,45000  元/平(均价),
保利花海湾,住宅,在售,"['荔湾 ', ' 茶滘 ', ' 百花路111号']",品牌房企 贴心物业 绿化率高 购物方便,41000  元/平(均价),总价352万/套
保利半岛,住宅,在售,"['南沙 ', ' 黄阁 ', ' 滨水大道左侧（南沙儿童公园对面）']",品牌房企 复式 多轨交汇 近主干道,34000  元/平(均价),总价350万/套
时代幸汇,住宅,在售,"['从化 ', ' 江浦街 ', ' 环市东路188号']",品牌房企 贴心物业 地铁沿线 多轨交汇,16500  元/平(均价),总价172万/套
绿地柏玥晶舍,住宅,在售,"['白云 ', ' 太和 ', ' 草塘路5号']",品牌房企 近主干道 大型社区,35000  元/平(均价),总价330万/套
金茂湾,商业,在售,"['南沙 ', ' 南沙区府 ', ' 凤凰大道外国语学院南侧300米']",贴心物业 多轨交汇 近主干道 现房,25000  元/平(均价),
越秀东坡,住宅,在售,"['南沙 ', ' 进港大道 ', ' 进港大道原南沙街道办事处旁']",品牌房企 复式 公交直达 近主干道,25500  元/平(均价),总价263万/套
景业东湖洲豪园,住宅,在售,"['南沙 ', ' 南沙湾 ', ' 环市大道南横地铁站A口西侧350米处']",品牌房企 自持商业 多轨交汇 近主干道,27500  元/平(均价),总价247万/套
振业天颂花园,住宅,在售,"['荔湾 ', ' 广钢新城 ', ' 芳村大道南以西鹤洞路旁']",儿童乐园 近主干道 现房 绿化率高,45000  元/平(均价),总价486万/套
珠光山水诚品,住宅,在售,"['从化 ', ' 江浦街 ', ' 江埔街江村地段']",贴心物业 健身跑道 现房 绿化率高,11500  元/平(均价),总价150万/套
天健汇,商业,在售,"['天河 ', ' 车陂 ', ' 车陂北路（天坤三路与健明四路交汇处）']",自持商业 现房,45000  元/平(均价),
保利花海湾,住宅,在售,"['荔湾 ', ' 茶滘 ', ' 百花路111号']",品牌房企 贴心物业 绿化率高 购物方便,41000  元/平(均价),总价352万/套
保利半岛,住宅,在售,"['南沙 ', ' 黄阁 ', ' 滨水大道左侧（南沙儿童公园对面）']",品牌房企 复式 多轨交汇 近主干道,34000  元/平(均价),总价350万/套
时代幸汇,住宅,在售,"['从化 ', ' 江浦街 ', ' 环市东路188号']",品牌房企 贴心物业 地铁沿线 多轨交汇,16500  元/平(均价),总价172万/套
绿地柏玥晶舍,住宅,在售,"['白云 ', ' 太和 ', ' 草塘路5号']",品牌房企 近主干道 大型社区,35000  元/平(均价),总价330万/套
金茂湾,商业,在售,"['南沙 ', ' 南沙区府 ', ' 凤凰大道外国语学院南侧300米']",贴心物业 多轨交汇 近主干道 现房,25000  元/平(均价),
越秀东坡,住宅,在售,"['南沙 ', ' 进港大道 ', ' 进港大道原南沙街道办事处旁']",品牌房企 复式 公交直达 近主干道,25500  元/平(均价),总价263万/套
景业东湖洲豪园,住宅,在售,"['南沙 ', ' 南沙湾 ', ' 环市大道南横地铁站A口西侧350米处']",品牌房企 自持商业 多轨交汇 近主干道,27500  元/平(均价),总价247万/套
振业天颂花园,住宅,在售,"['荔湾 ', ' 广钢新城 ', ' 芳村大道南以西鹤洞路旁']",儿童乐园 近主干道 现房 绿化率高,45000  元/平(均价),总价486万/套
珠光山水诚品,住宅,在售,"['从化 ', ' 江浦街 ', ' 江埔街江村地段']",贴心物业 健身跑道 现房 绿化率高,11500  元/平(均价),总价150万/套
天健汇,商业,在售,"['天河 ', ' 车陂 ', ' 车陂北路（天坤三路与健明四路交汇处）']",自持商业 现房,45000  元/平(均价),
保利花海湾,住宅,在售,"['荔湾 ', ' 茶滘 ', ' 百花路111号']",品牌房企 贴心物业 绿化率高 购物方便,41000  元/平(均价),总价352万/套
保利半岛,住宅,在售,"['南沙 ', ' 黄阁 ', ' 滨水大道左侧（南沙儿童公园对面）']",品牌房企 复式 多轨交汇 近主干道,34000  元/平(均价),总价350万/套
时代幸汇,住宅,在售,"['从化 ', ' 江浦街 ', ' 环市东路188号']",品牌房企 贴心物业 地铁沿线 多轨交汇,16500  元/平(均价),总价172万/套
绿地柏玥晶舍,住宅,在售,"['白云 ', ' 太和 ', ' 草塘路5号']",品牌房企 近主干道 大型社区,35000  元/平(均价),总价330万/套
金茂湾,商业,在售,"['南沙 ', ' 南沙区府 ', ' 凤凰大道外国语学院南侧300米']",贴心物业 多轨交汇 近主干道 现房,25000  元/平(均价),
越秀东坡,住宅,在售,"['南沙 ', ' 进港大道 ', ' 进港大道原南沙街道办事处旁']",品牌房企 复式 公交直达 近主干道,25500  元/平(均价),总价263万/套
景业东湖洲豪园,住宅,在售,"['南沙 ', ' 南沙湾 ', ' 环市大道南横地铁站A口西侧350米处']",品牌房企 自持商业 多轨交汇 近主干道,27500  元/平(均价),总价247万/套
振业天颂花园,住宅,在售,"['荔湾 ', ' 广钢新城 ', ' 芳村大道南以西鹤洞路旁']",儿童乐园 近主干道 现房 绿化率高,45000  元/平(均价),总价486万/套
珠光山水诚品,住宅,在售,"['从化 ', ' 江浦街 ', ' 江埔街江村地段']",贴心物业 健身跑道 现房 绿化率高,11500  元/平(均价),总价150万/套
天健汇,商业,在售,"['天河 ', ' 车陂 ', ' 车陂北路（天坤三路与健明四路交汇处）']",自持商业 现房,45000  元/平(均价),
保利花海湾,住宅,在售,"['荔湾 ', ' 茶滘 ', ' 百花路111号']",品牌房企 贴心物业 绿化率高 购物方便,41000  元/平(均价),总价352万/套
保利半岛,住宅,在售,"['南沙 ', ' 黄阁 ', ' 滨水大道左侧（南沙儿童公园对面）']",品牌房企 复式 多轨交汇 近主干道,34000  元/平(均价),总价350万/套
时代幸汇,住宅,在售,"['从化 ', ' 江浦街 ', ' 环市东路188号']",品牌房企 贴心物业 地铁沿线 多轨交汇,16500  元/平(均价),总价172万/套
绿地柏玥晶舍,住宅,在售,"['白云 ', ' 太和 ', ' 草塘路5号']",品牌房企 近主干道 大型社区,35000  元/平(均价),总价330万/套
金茂湾,商业,在售,"['南沙 ', ' 南沙区府 ', ' 凤凰大道外国语学院南侧300米']",贴心物业 多轨交汇 近主干道 现房,25000  元/平(均价),
越秀东坡,住宅,在售,"['南沙 ', ' 进港大道 ', ' 进港大道原南沙街道办事处旁']",品牌房企 复式 公交直达 近主干道,25500  元/平(均价),总价263万/套
景业东湖洲豪园,住宅,在售,"['南沙 ', ' 南沙湾 ', ' 环市大道南横地铁站A口西侧350米处']",品牌房企 自持商业 多轨交汇 近主干道,27500  元/平(均价),总价247万/套
振业天颂花园,住宅,在售,"['荔湾 ', ' 广钢新城 ', ' 芳村大道南以西鹤洞路旁']",儿童乐园 近主干道 现房 绿化率高,45000  元/平(均价),总价486万/套
珠光山水诚品,住宅,在售,"['从化 ', ' 江浦街 ', ' 江埔街江村地段']",贴心物业 健身跑道 现房 绿化率高,11500  元/平(均价),总价150万/套
天健汇,商业,在售,"['天河 ', ' 车陂 ', ' 车陂北路（天坤三路与健明四路交汇处）']",自持商业 现房,45000  元/平(均价),
保利花海湾,住宅,在售,"['荔湾 ', ' 茶滘 ', ' 百花路111号']",品牌房企 贴心物业 绿化率高 购物方便,41000  元/平(均价),总价352万/套
保利半岛,住宅,在售,"['南沙 ', ' 黄阁 ', ' 滨水大道左侧（南沙儿童公园对面）']",品牌房企 复式 多轨交汇 近主干道,34000  元/平(均价),总价350万/套
时代幸汇,住宅,在售,"['从化 ', ' 江浦街 ', ' 环市东路188号']",品牌房企 贴心物业 地铁沿线 多轨交汇,16500  元/平(均价),总价172万/套
绿地柏玥晶舍,住宅,在售,"['白云 ', ' 太和 ', ' 草塘路5号']",品牌房企 近主干道 大型社区,35000  元/平(均价),总价330万/套
